{
"type": "FeatureCollection",
"name": "ILE-Gebiet NES",
"crs": { "type": "name", "properties": { "name": "urn:ogc:def:crs:OGC:1.3:CRS84" } },
"features": [
{ "type": "Feature", "properties": { "id": null, "Name": null }, "geometry": { "type": "MultiPolygon", "coordinates": [ [ [ [ 10.190105121003155, 50.372984372356854 ], [ 10.190723641618986, 50.36878416190185 ], [ 10.193592168933685, 50.36898079266475 ], [ 10.193681142571004, 50.366119796915903 ], [ 10.193513878061752, 50.361566572419768 ], [ 10.195932409606232, 50.361680966598321 ], [ 10.19620825168726, 50.360350053596918 ], [ 10.197710466607651, 50.358590488195055 ], [ 10.198581364410993, 50.358763729200781 ], [ 10.199269658971577, 50.358900496099068 ], [ 10.200280048070541, 50.357049634179489 ], [ 10.201097700930355, 50.354532442080576 ], [ 10.203683174488932, 50.354881045086124 ], [ 10.203365682918044, 50.351704082340063 ], [ 10.203415981387458, 50.350417559032472 ], [ 10.204125020742881, 50.349474642206104 ], [ 10.204904958733822, 50.348432929408773 ], [ 10.20826127484106, 50.349143309660832 ], [ 10.209367638148356, 50.349874916260028 ], [ 10.20970373382873, 50.35010070490943 ], [ 10.211152824179873, 50.349987387975339 ], [ 10.211691198902697, 50.349331917622273 ], [ 10.212172872863094, 50.3487482830621 ], [ 10.213326187517017, 50.348706178400874 ], [ 10.213324652296178, 50.348958106474761 ], [ 10.213343291440019, 50.350514731761649 ], [ 10.214931751814211, 50.350608658810039 ], [ 10.219556443288567, 50.350907959865175 ], [ 10.219855444835931, 50.35028785713213 ], [ 10.221388941789447, 50.350165619785734 ], [ 10.222359743930488, 50.350077993738481 ], [ 10.223915384355756, 50.350972499911649 ], [ 10.227062465765352, 50.349045541985681 ], [ 10.230058095709605, 50.348962642396828 ], [ 10.23017347801966, 50.348459050366216 ], [ 10.232313370129319, 50.34801417699488 ], [ 10.231702523820958, 50.346636126389392 ], [ 10.236363270975847, 50.345468234639895 ], [ 10.23697913886665, 50.343454194749448 ], [ 10.236041466593297, 50.342678254574508 ], [ 10.235906828895159, 50.341616234441972 ], [ 10.237474293844521, 50.340387162192421 ], [ 10.239896269529806, 50.339699859597296 ], [ 10.240362852691764, 50.339139972050106 ], [ 10.240772392833165, 50.338649676732601 ], [ 10.245590370315593, 50.339658624691467 ], [ 10.246265850408651, 50.339386696215207 ], [ 10.249751337965554, 50.339748741040303 ], [ 10.252899350029779, 50.337299225666222 ], [ 10.255248640330484, 50.336998338332215 ], [ 10.260404074440991, 50.337764999168058 ], [ 10.263421299884664, 50.338823963472024 ], [ 10.265654019404224, 50.336525170534529 ], [ 10.267098282208998, 50.33727490295059 ], [ 10.267591825609243, 50.336969985826769 ], [ 10.267903452977944, 50.336493746752701 ], [ 10.268117025640104, 50.335945328604495 ], [ 10.268390630916089, 50.334623243458104 ], [ 10.268879448279638, 50.3324108348938 ], [ 10.267195902130911, 50.331750615916143 ], [ 10.267822951352086, 50.330015361841923 ], [ 10.266374522161007, 50.330147388255646 ], [ 10.265405629838261, 50.327131241154738 ], [ 10.265914206544799, 50.326610422721288 ], [ 10.264651335155431, 50.326193955413487 ], [ 10.261269522165476, 50.325125267854965 ], [ 10.262497706008457, 50.324048111113548 ], [ 10.261689900480791, 50.322597836454598 ], [ 10.262018639857335, 50.321509817222292 ], [ 10.262175362636748, 50.321087258742942 ], [ 10.260124827745031, 50.320840060990676 ], [ 10.259915727794654, 50.320506715636391 ], [ 10.259734553771512, 50.320209418046986 ], [ 10.261453348015349, 50.319358236693873 ], [ 10.261346399987508, 50.318278311863246 ], [ 10.261378745625931, 50.317441609273196 ], [ 10.262531657834622, 50.317318034060534 ], [ 10.264289208094732, 50.317114712110488 ], [ 10.265794344336452, 50.316802878626007 ], [ 10.26449606315523, 50.315090694611889 ], [ 10.267705609816394, 50.313918557838278 ], [ 10.263950966339126, 50.311706509301239 ], [ 10.26516616952625, 50.31033238153686 ], [ 10.262406667144313, 50.308671161854662 ], [ 10.264151964383949, 50.308044934021723 ], [ 10.262950877323215, 50.306620853796311 ], [ 10.267025866319013, 50.306467240012267 ], [ 10.267795686584881, 50.304201427401672 ], [ 10.27293025911956, 50.305678291333834 ], [ 10.273695328195879, 50.304339173071092 ], [ 10.272294418985023, 50.303526627707726 ], [ 10.274518269437772, 50.302640264528399 ], [ 10.270042707283764, 50.301470708172523 ], [ 10.272045841671201, 50.299738185632656 ], [ 10.273338803927611, 50.299605783244949 ], [ 10.272587182631074, 50.29817369376223 ], [ 10.266009486355406, 50.298961252024746 ], [ 10.264773382066585, 50.298958726036354 ], [ 10.263187786419838, 50.298622558363292 ], [ 10.264221696107871, 50.296924158352766 ], [ 10.265418208048887, 50.29640475461504 ], [ 10.266234119075364, 50.296154489203957 ], [ 10.266754616425716, 50.295993592575243 ], [ 10.266826404393329, 50.295678826409123 ], [ 10.266264845051317, 50.2956236989898 ], [ 10.265380552468789, 50.2955049271687 ], [ 10.264903361101677, 50.295431971132047 ], [ 10.264426261362701, 50.295341017815538 ], [ 10.264089527878454, 50.295268346168001 ], [ 10.263556790982346, 50.29506930514539 ], [ 10.263234559001743, 50.294906686087018 ], [ 10.262996647385259, 50.294735242519359 ], [ 10.262814827473438, 50.29458190942416 ], [ 10.262479373190159, 50.294257305578931 ], [ 10.262157876929745, 50.293950724766354 ], [ 10.262059652441618, 50.293932526204813 ], [ 10.261287215383339, 50.29392192476908 ], [ 10.260136476199328, 50.293730578003291 ], [ 10.259084752020854, 50.293404465320151 ], [ 10.258117496428589, 50.293042531094507 ], [ 10.257191972971148, 50.292761654427757 ], [ 10.255537583441614, 50.292200297282406 ], [ 10.254108273094726, 50.291576416830729 ], [ 10.252357118839448, 50.290735884011866 ], [ 10.249873401046356, 50.290334607735467 ], [ 10.249326018017873, 50.290270431248054 ], [ 10.247473314609611, 50.290059426882898 ], [ 10.2445916170945, 50.290547912909339 ], [ 10.242780712296415, 50.290399909040467 ], [ 10.24241571422006, 50.290372097498874 ], [ 10.240740658049102, 50.2910611340141 ], [ 10.238848999198543, 50.292811360071823 ], [ 10.237740362255261, 50.292646876717718 ], [ 10.23700762534264, 50.293077080938581 ], [ 10.236753912360314, 50.293238454008488 ], [ 10.236263096245256, 50.293102364599797 ], [ 10.235676171174603, 50.294162650178343 ], [ 10.235397564079111, 50.294665939765551 ], [ 10.240211694975535, 50.297844061180569 ], [ 10.240722591132112, 50.299446773537703 ], [ 10.238135384723369, 50.299908771678652 ], [ 10.238926863370722, 50.304103417472128 ], [ 10.235948806270057, 50.30406961407202 ], [ 10.235643743789479, 50.305859418708934 ], [ 10.230755834258774, 50.305668109629259 ], [ 10.229734157828279, 50.304990894582637 ], [ 10.224374697452102, 50.3085771644948 ], [ 10.223769144017407, 50.30881864246065 ], [ 10.222698146484541, 50.309364910220367 ], [ 10.220806361869821, 50.310898903588381 ], [ 10.219344661867055, 50.310976318085594 ], [ 10.217795689636139, 50.311548363271633 ], [ 10.216541447463388, 50.312636338595624 ], [ 10.215142899923437, 50.31341330066472 ], [ 10.21404364947656, 50.313950421048865 ], [ 10.215949819712231, 50.314746935289214 ], [ 10.215272581616157, 50.315204132663872 ], [ 10.215142907109948, 50.315734665957301 ], [ 10.214579206184322, 50.316003192284455 ], [ 10.214212605513513, 50.316209224177285 ], [ 10.213931406778427, 50.316235516585962 ], [ 10.213369336295067, 50.316234114661043 ], [ 10.212865832374938, 50.315845962856329 ], [ 10.212446646124006, 50.315458019551329 ], [ 10.212209750502138, 50.31513351456271 ], [ 10.211803526042424, 50.314925552315934 ], [ 10.211102779035373, 50.314626872917479 ], [ 10.2107403761919, 50.314149090510497 ], [ 10.21003876141229, 50.313994362931105 ], [ 10.20907040358715, 50.313802964963877 ], [ 10.208509031094735, 50.313693571241025 ], [ 10.207203183403861, 50.313546288175814 ], [ 10.20651322875664, 50.313778462714694 ], [ 10.206090350429903, 50.313993322337133 ], [ 10.205794378001654, 50.314136524832769 ], [ 10.204795620289007, 50.314313912542978 ], [ 10.203769713691813, 50.314338263074752 ], [ 10.20274568187863, 50.314065690602511 ], [ 10.201722630127414, 50.313640152951834 ], [ 10.200052570386079, 50.313320888506937 ], [ 10.198900629256215, 50.313281883448134 ], [ 10.198016578320505, 50.313099611215129 ], [ 10.197091134813109, 50.312800254899493 ], [ 10.196249252593446, 50.312618079490093 ], [ 10.195800619567526, 50.312463933787036 ], [ 10.195281095990959, 50.312408571112336 ], [ 10.194721172481096, 50.312083172185282 ], [ 10.194723505405889, 50.311723276632144 ], [ 10.194866517199104, 50.311336761992017 ], [ 10.194910125016269, 50.311111939297646 ], [ 10.194924816962732, 50.311013005065725 ], [ 10.191574861826007, 50.311921805671908 ], [ 10.190137274402097, 50.312592751129301 ], [ 10.189517147598556, 50.312878997764891 ], [ 10.188227994198941, 50.31234464927774 ], [ 10.186555771314394, 50.314481513864472 ], [ 10.188935204584441, 50.315891602632121 ], [ 10.185295389156684, 50.31805009589641 ], [ 10.181301811780134, 50.324670285614836 ], [ 10.175148951260212, 50.328306060596418 ], [ 10.171845948368448, 50.328296671689564 ], [ 10.170627368414202, 50.329696804911379 ], [ 10.169725086169766, 50.330081109873113 ], [ 10.168613723737923, 50.330212872890442 ], [ 10.167244703821332, 50.331000701700873 ], [ 10.166927510491149, 50.332124479933704 ], [ 10.167443721979284, 50.332674827595469 ], [ 10.167985709726167, 50.333558157826147 ], [ 10.170740861567195, 50.333566087512104 ], [ 10.171215967944544, 50.33397233922426 ], [ 10.174484789041422, 50.332883944468364 ], [ 10.176228562738345, 50.332780901694356 ], [ 10.176139269300794, 50.333500455544822 ], [ 10.177450689241365, 50.334952754721563 ], [ 10.176420360238028, 50.335552694478821 ], [ 10.175559254969613, 50.336072125373718 ], [ 10.174825211008249, 50.33651093135822 ], [ 10.174318197370294, 50.336644458587543 ], [ 10.173797683850294, 50.336696967459858 ], [ 10.17306686304415, 50.336667897485619 ], [ 10.173998640572616, 50.338128152607716 ], [ 10.172868811473474, 50.338626117262358 ], [ 10.171646913142551, 50.338889260131495 ], [ 10.170631836634431, 50.339362477769576 ], [ 10.17039017544993, 50.339875997791559 ], [ 10.170002676372345, 50.340609074411802 ], [ 10.168970546246895, 50.341433882807607 ], [ 10.167334458094661, 50.342166959463427 ], [ 10.165756410092925, 50.342639251819477 ], [ 10.166155265672316, 50.343891075673447 ], [ 10.165065218465536, 50.344931623464305 ], [ 10.16198213752838, 50.345462450956589 ], [ 10.161189246729357, 50.348177388324054 ], [ 10.159736057365592, 50.348847913758739 ], [ 10.156085328305466, 50.350042724078428 ], [ 10.158163730733905, 50.350426824341135 ], [ 10.157513914610226, 50.352764264545648 ], [ 10.157032334074595, 50.355165187501115 ], [ 10.154840765479905, 50.356760199872561 ], [ 10.150074137495727, 50.356610821923603 ], [ 10.148169540210107, 50.357405794230289 ], [ 10.148715034081562, 50.359692855148452 ], [ 10.152173643146845, 50.361781820595191 ], [ 10.155672710535907, 50.36030775061996 ], [ 10.156518644157478, 50.361956843080854 ], [ 10.157757761395764, 50.363706074880916 ], [ 10.162266048277303, 50.366634632620453 ], [ 10.162091687077281, 50.367407914556246 ], [ 10.168295726415574, 50.369351470120314 ], [ 10.172243600205395, 50.372116059425608 ], [ 10.177755537024606, 50.374605980509024 ], [ 10.178819754972043, 50.375346761676695 ], [ 10.187301040623554, 50.377871472918997 ], [ 10.189871963271145, 50.378472277493195 ], [ 10.189875641872259, 50.377914436232622 ], [ 10.189955485931341, 50.376475035767271 ], [ 10.191840677810163, 50.374356671556612 ], [ 10.190105121003155, 50.372984372356854 ] ] ] ] } },
{ "type": "Feature", "properties": { "id": null, "Name": null }, "geometry": { "type": "MultiPolygon", "coordinates": [ [ [ [ 10.114425444964709, 50.316682322402471 ], [ 10.116039494748085, 50.313475589595448 ], [ 10.115183128092793, 50.313382746744971 ], [ 10.113655106370919, 50.31637381535694 ], [ 10.114159387333736, 50.318283001570578 ], [ 10.115757482139363, 50.320483773505131 ], [ 10.1136536259473, 50.321691391316541 ], [ 10.111704474918572, 50.322872501602966 ], [ 10.109960405675901, 50.323037546321608 ], [ 10.109914144235409, 50.323532257214083 ], [ 10.110855974810194, 50.323508459687432 ], [ 10.1121915342791, 50.323458991443395 ], [ 10.114394176406275, 50.322215741072213 ], [ 10.117227408015186, 50.321181496930208 ], [ 10.117090682632293, 50.320713166214929 ], [ 10.115321168609237, 50.318844750138226 ], [ 10.114425444964709, 50.316682322402471 ] ] ], [ [ [ 10.131915957956867, 50.324441653563923 ], [ 10.135220284067023, 50.324245251234174 ], [ 10.134747960670415, 50.323532940289446 ], [ 10.133843627572206, 50.322351376681439 ], [ 10.133499924958011, 50.321369543149942 ], [ 10.133351646342247, 50.320559287082105 ], [ 10.133286567891489, 50.319893257738883 ], [ 10.13066371004404, 50.319246023402251 ], [ 10.131199161648942, 50.317268275438423 ], [ 10.131154067119979, 50.314055992555758 ], [ 10.130679648852139, 50.313631580894111 ], [ 10.130647659844866, 50.312335826294387 ], [ 10.130221561956164, 50.311128778548316 ], [ 10.129416100133058, 50.31171102468641 ], [ 10.130165817001217, 50.31643717364566 ], [ 10.125973208890322, 50.315307893878128 ], [ 10.125125395993157, 50.315898970247538 ], [ 10.127522522481033, 50.316626577450059 ], [ 10.127899546304098, 50.318706242885987 ], [ 10.129907345642829, 50.318928672803828 ], [ 10.130823885947429, 50.322116769722953 ], [ 10.130133500108869, 50.322339488234547 ], [ 10.131915957956867, 50.324441653563923 ] ] ], [ [ [ 10.064485150948062, 50.337810190745913 ], [ 10.065172998147625, 50.337920767995264 ], [ 10.070300653654586, 50.335249765710358 ], [ 10.076035525377872, 50.330646288705118 ], [ 10.078484249299066, 50.327182215567682 ], [ 10.081082683750562, 50.325806087379867 ], [ 10.082593308698648, 50.326630371126399 ], [ 10.084882258263388, 50.328456186510756 ], [ 10.087062333812344, 50.329894667091061 ], [ 10.087617940917255, 50.330652463561783 ], [ 10.087550069604287, 50.333585446399304 ], [ 10.085430874678753, 50.336385078390116 ], [ 10.087039606435646, 50.335689057493177 ], [ 10.087987836608551, 50.334963654350673 ], [ 10.088730056137299, 50.33367965292431 ], [ 10.088825794987024, 50.332375339945642 ], [ 10.090679214352573, 50.332615897119602 ], [ 10.090729051986242, 50.331734307513102 ], [ 10.08856957660339, 50.331132750034683 ], [ 10.088243486358621, 50.329844921060612 ], [ 10.086848973152566, 50.328580246596907 ], [ 10.085184555729533, 50.327647492410243 ], [ 10.083663538171928, 50.326400317057988 ], [ 10.082698152872085, 50.325901944384448 ], [ 10.082450813436697, 50.325661485125657 ], [ 10.081666993825431, 50.324899456816532 ], [ 10.080748550889046, 50.323870378329211 ], [ 10.079577423541343, 50.322813375437363 ], [ 10.079253486558315, 50.321318583150436 ], [ 10.078077999686565, 50.319190831522562 ], [ 10.077163141028166, 50.31778383767476 ], [ 10.073712848565775, 50.310842912628416 ], [ 10.073384806281911, 50.311381551316941 ], [ 10.073309500511634, 50.311939123650923 ], [ 10.073264006232396, 50.312307857196814 ], [ 10.072530523718052, 50.312620046005655 ], [ 10.073119524795365, 50.314295794624101 ], [ 10.075234261382104, 50.316634020668651 ], [ 10.076676146346328, 50.318807772656115 ], [ 10.077833312077876, 50.321403348018137 ], [ 10.078855539175658, 50.323386578402896 ], [ 10.080092760968704, 50.324911707084141 ], [ 10.079917847304799, 50.325612882822426 ], [ 10.077712844405019, 50.326999429448087 ], [ 10.075080209294027, 50.330588773271337 ], [ 10.071628866701097, 50.332960328287591 ], [ 10.07098770674345, 50.333902687670076 ], [ 10.068952141377633, 50.335136741891965 ], [ 10.066969901803715, 50.335147282536212 ], [ 10.066918705019038, 50.336127832613265 ], [ 10.064485150948062, 50.337810190745913 ] ] ], [ [ [ 10.135220284067023, 50.324245251234174 ], [ 10.120513202779351, 50.331980524810163 ], [ 10.115425030025749, 50.333655153465799 ], [ 10.115094363762932, 50.334553806735599 ], [ 10.11560553300736, 50.337371770595766 ], [ 10.111422157780966, 50.340047984411711 ], [ 10.115723630924508, 50.340125435148039 ], [ 10.114685182049307, 50.341606563802003 ], [ 10.117308774718648, 50.342290153606285 ], [ 10.115890710380823, 50.343770028055616 ], [ 10.116748387678115, 50.344157725953067 ], [ 10.117648460066924, 50.343536430339348 ], [ 10.118466517168631, 50.343427702986332 ], [ 10.118310712467419, 50.344174829246533 ], [ 10.119553563104043, 50.344595560070857 ], [ 10.118869654118688, 50.345732430524492 ], [ 10.121423588725936, 50.345673016932913 ], [ 10.121591744363974, 50.346443241561019 ], [ 10.134839127095347, 50.348015696642122 ], [ 10.136749294834036, 50.348300676363991 ], [ 10.137451525857923, 50.348410865764087 ], [ 10.137177769664991, 50.349264774071813 ], [ 10.138303732415158, 50.349133359674703 ], [ 10.138170936263336, 50.348116212229812 ], [ 10.142465419615661, 50.3473648578208 ], [ 10.146221632449727, 50.346909979606508 ], [ 10.146884693333975, 50.346829669671514 ], [ 10.150030748867522, 50.345884487155061 ], [ 10.150886985267102, 50.345627223455608 ], [ 10.154066639588885, 50.345366912019394 ], [ 10.155337481729733, 50.344632928528519 ], [ 10.161500961234642, 50.34394044124187 ], [ 10.165065218465536, 50.344931623464305 ], [ 10.166155265672316, 50.343891075673447 ], [ 10.165756410092925, 50.342639251819477 ], [ 10.167334458094661, 50.342166959463427 ], [ 10.168970546246895, 50.341433882807607 ], [ 10.170002676372345, 50.340609074411802 ], [ 10.17039017544993, 50.339875997791559 ], [ 10.170631836634431, 50.339362477769576 ], [ 10.171646913142551, 50.338889260131495 ], [ 10.172868811473474, 50.338626117262358 ], [ 10.173998640572616, 50.338128152607716 ], [ 10.17306686304415, 50.336667897485619 ], [ 10.173797683850294, 50.336696967459858 ], [ 10.174318197370294, 50.336644458587543 ], [ 10.174825211008249, 50.33651093135822 ], [ 10.175559254969613, 50.336072125373718 ], [ 10.176420360238028, 50.335552694478821 ], [ 10.177450689241365, 50.334952754721563 ], [ 10.176139269300794, 50.333500455544822 ], [ 10.176228562738345, 50.332780901694356 ], [ 10.174484789041422, 50.332883944468364 ], [ 10.171215967944544, 50.33397233922426 ], [ 10.170740861567195, 50.333566087512104 ], [ 10.167985709726167, 50.333558157826147 ], [ 10.167443721979284, 50.332674827595469 ], [ 10.166927510491149, 50.332124479933704 ], [ 10.167244703821332, 50.331000701700873 ], [ 10.168613723737923, 50.330212872890442 ], [ 10.169725086169766, 50.330081109873113 ], [ 10.170627368414202, 50.329696804911379 ], [ 10.171845948368448, 50.328296671689564 ], [ 10.175148951260212, 50.328306060596418 ], [ 10.181301811780134, 50.324670285614836 ], [ 10.185295389156684, 50.31805009589641 ], [ 10.188935204584441, 50.315891602632121 ], [ 10.186555771314394, 50.314481513864472 ], [ 10.188227994198941, 50.31234464927774 ], [ 10.187350694102552, 50.311154587285742 ], [ 10.185139723694354, 50.309807910449862 ], [ 10.184747895635423, 50.309572899084486 ], [ 10.184501028713877, 50.308672466471862 ], [ 10.18392741577741, 50.308310986320528 ], [ 10.182459194904013, 50.307403269889903 ], [ 10.179319562324748, 50.305422722775084 ], [ 10.178175026906091, 50.304635542880483 ], [ 10.17728822263401, 50.304134159238146 ], [ 10.176984729510229, 50.304530687738882 ], [ 10.175879810693932, 50.303816767434725 ], [ 10.177427931321965, 50.301355799416058 ], [ 10.176514548595565, 50.301398216880258 ], [ 10.176317824734864, 50.301406659743677 ], [ 10.175532539971398, 50.30120649737588 ], [ 10.174507712250854, 50.301113620240884 ], [ 10.173622737847028, 50.301111107564225 ], [ 10.172795202620778, 50.300928801300664 ], [ 10.171534284168832, 50.300448330092941 ], [ 10.169782381616905, 50.299876458367592 ], [ 10.169403938455693, 50.299758400664501 ], [ 10.16751181158288, 50.299159098127824 ], [ 10.166994630812543, 50.298797696582049 ], [ 10.166673217197163, 50.298562827630121 ], [ 10.166562692077846, 50.298301577739579 ], [ 10.166563839226473, 50.298139625051867 ], [ 10.166543581318496, 50.297032867603136 ], [ 10.166544537125976, 50.296897906912051 ], [ 10.166545174031517, 50.296807933670493 ], [ 10.166363596664812, 50.296663445199194 ], [ 10.166167656135048, 50.296563902460619 ], [ 10.165943114144932, 50.296536256349455 ], [ 10.165507883983038, 50.296507996195174 ], [ 10.165325736186142, 50.296444482805924 ], [ 10.165060529259753, 50.296209772672164 ], [ 10.165019607405309, 50.296038699924651 ], [ 10.164994075488305, 50.295678723113056 ], [ 10.164995547827047, 50.295471783920235 ], [ 10.164842583598791, 50.29525539617137 ], [ 10.164507863239074, 50.294921509310392 ], [ 10.16415891087034, 50.294614572381249 ], [ 10.163991972449502, 50.294389144953293 ], [ 10.163589545168518, 50.293704152633111 ], [ 10.163286472456276, 50.292875489515765 ], [ 10.163014138296449, 50.291678016586623 ], [ 10.162697237817019, 50.290822318433143 ], [ 10.162504294067039, 50.290308891006759 ], [ 10.161876125545049, 50.289776186921017 ], [ 10.16144399996079, 50.289325036056958 ], [ 10.161082683180476, 50.288793114156071 ], [ 10.160988004342791, 50.288288972108745 ], [ 10.160852947131408, 50.287541776922509 ], [ 10.160589108339197, 50.28712710996512 ], [ 10.159749841115321, 50.286665749935651 ], [ 10.158532348122565, 50.286077293751703 ], [ 10.157621990922053, 50.285741672181594 ], [ 10.157481957043984, 50.285687269100492 ], [ 10.156457700651957, 50.285567239546559 ], [ 10.155388820448218, 50.285788973268495 ], [ 10.154318015154832, 50.286271620406936 ], [ 10.15363893461411, 50.28695338609797 ], [ 10.152957382808038, 50.287968050331465 ], [ 10.152360327435918, 50.288946976146839 ], [ 10.151649832809731, 50.29006951550771 ], [ 10.151054323438215, 50.290832498724306 ], [ 10.152106902812825, 50.29093466710578 ], [ 10.153383853497601, 50.289175010392348 ], [ 10.155523786031464, 50.286536174738224 ], [ 10.158054049132664, 50.288127309622375 ], [ 10.160373500992915, 50.289762752747308 ], [ 10.162390574538612, 50.292458970554925 ], [ 10.164070596596424, 50.295181159441356 ], [ 10.165835792417932, 50.297804598699315 ], [ 10.166782723626936, 50.298968035238225 ], [ 10.168083982723305, 50.299691609372381 ], [ 10.170199880831724, 50.30043550659682 ], [ 10.173873282471327, 50.301444728925539 ], [ 10.17301208647307, 50.302063110450881 ], [ 10.168629964379949, 50.30195157185473 ], [ 10.164438429755819, 50.300724726433216 ], [ 10.162388199392987, 50.300628739469651 ], [ 10.160357020500696, 50.299839960762498 ], [ 10.158656012899524, 50.301958339149422 ], [ 10.155316117995662, 50.302913327094828 ], [ 10.148970514050047, 50.304727374062921 ], [ 10.143971171203326, 50.308185041449292 ], [ 10.140798233584908, 50.313411747212164 ], [ 10.140468674046515, 50.314247491039204 ], [ 10.140803752834007, 50.316371968309042 ], [ 10.141806168486502, 50.317598770327848 ], [ 10.142836604389359, 50.318843645982184 ], [ 10.142310510534788, 50.319651790702629 ], [ 10.141869673987209, 50.320334233257199 ], [ 10.141443221263954, 50.32097173090407 ], [ 10.140282271828431, 50.322092798275989 ], [ 10.136586100591332, 50.323916669956354 ], [ 10.135220284067023, 50.324245251234174 ] ] ] ] } },
{ "type": "Feature", "properties": { "id": null, "Name": null }, "geometry": { "type": "MultiPolygon", "coordinates": [ [ [ [ 10.21404364947656, 50.313950421048865 ], [ 10.215142899923437, 50.31341330066472 ], [ 10.216541447463388, 50.312636338595624 ], [ 10.217795689636139, 50.311548363271633 ], [ 10.219344661867055, 50.310976318085594 ], [ 10.220806361869821, 50.310898903588381 ], [ 10.222698146484541, 50.309364910220367 ], [ 10.223769144017407, 50.30881864246065 ], [ 10.224374697452102, 50.3085771644948 ], [ 10.229734157828279, 50.304990894582637 ], [ 10.230755834258774, 50.305668109629259 ], [ 10.235643743789479, 50.305859418708934 ], [ 10.235948806270057, 50.30406961407202 ], [ 10.238926863370722, 50.304103417472128 ], [ 10.238135384723369, 50.299908771678652 ], [ 10.240722591132112, 50.299446773537703 ], [ 10.240211694975535, 50.297844061180569 ], [ 10.235397564079111, 50.294665939765551 ], [ 10.234345128434969, 50.294492556185361 ], [ 10.233594977680548, 50.295507536551504 ], [ 10.229503897163076, 50.293716460868339 ], [ 10.229013562544996, 50.293499363838244 ], [ 10.228618073851292, 50.29388532216494 ], [ 10.228194281039578, 50.294307203059283 ], [ 10.227254188704876, 50.294143017557921 ], [ 10.226412313671727, 50.293997053563189 ], [ 10.225575738698785, 50.292942347194092 ], [ 10.22407752846792, 50.292155971401961 ], [ 10.222777154212093, 50.29117210872905 ], [ 10.219668478475837, 50.289625982461587 ], [ 10.216888396589061, 50.289520185683074 ], [ 10.214741930608142, 50.289145972760508 ], [ 10.214250892609236, 50.289063773317643 ], [ 10.213132659862092, 50.288197222259534 ], [ 10.212772414771914, 50.287395541853236 ], [ 10.210806262228083, 50.287408599599054 ], [ 10.209954449132978, 50.286623666016546 ], [ 10.210460713575953, 50.286507976373436 ], [ 10.211149697144377, 50.286365752539183 ], [ 10.209879057124443, 50.285183872485554 ], [ 10.208524672560463, 50.283929785556793 ], [ 10.206301343130564, 50.28242153191686 ], [ 10.204494990096006, 50.281616115397846 ], [ 10.205059029686502, 50.283480052760375 ], [ 10.202938917581067, 50.283438593996266 ], [ 10.201521895288975, 50.285459358769721 ], [ 10.203234635786105, 50.285535780922203 ], [ 10.203203489398575, 50.286021566300334 ], [ 10.202685458821984, 50.287999680109891 ], [ 10.198523786892864, 50.293135408492887 ], [ 10.197158658478067, 50.293563696086707 ], [ 10.193407536396718, 50.293724691033965 ], [ 10.18832686996563, 50.293162157857076 ], [ 10.18757777832492, 50.293870926165958 ], [ 10.186562880581558, 50.294417009239652 ], [ 10.188832639436905, 50.297392371648321 ], [ 10.186397569009696, 50.298150535419843 ], [ 10.184988060226626, 50.29887547737173 ], [ 10.184156417902914, 50.29930507382889 ], [ 10.184125367635108, 50.299745867908101 ], [ 10.183758579216404, 50.299978794392864 ], [ 10.183012883207455, 50.300156688232782 ], [ 10.181986241788371, 50.300333799877045 ], [ 10.181057556261148, 50.300565159282073 ], [ 10.18040956012419, 50.300833283547455 ], [ 10.179664082405903, 50.300975166337579 ], [ 10.178693600065095, 50.301152405187132 ], [ 10.177427931321965, 50.301355799416058 ], [ 10.175879810693932, 50.303816767434725 ], [ 10.176984729510229, 50.304530687738882 ], [ 10.17728822263401, 50.304134159238146 ], [ 10.178175026906091, 50.304635542880483 ], [ 10.179319562324748, 50.305422722775084 ], [ 10.182459194904013, 50.307403269889903 ], [ 10.18392741577741, 50.308310986320528 ], [ 10.184501028713877, 50.308672466471862 ], [ 10.184747895635423, 50.309572899084486 ], [ 10.185139723694354, 50.309807910449862 ], [ 10.187350694102552, 50.311154587285742 ], [ 10.188227994198941, 50.31234464927774 ], [ 10.189517147598556, 50.312878997764891 ], [ 10.190137274402097, 50.312592751129301 ], [ 10.191574861826007, 50.311921805671908 ], [ 10.194924816962732, 50.311013005065725 ], [ 10.194910125016269, 50.311111939297646 ], [ 10.194866517199104, 50.311336761992017 ], [ 10.194723505405889, 50.311723276632144 ], [ 10.194721172481096, 50.312083172185282 ], [ 10.195281095990959, 50.312408571112336 ], [ 10.195800619567526, 50.312463933787036 ], [ 10.196249252593446, 50.312618079490093 ], [ 10.197091134813109, 50.312800254899493 ], [ 10.198016578320505, 50.313099611215129 ], [ 10.198900629256215, 50.313281883448134 ], [ 10.200052570386079, 50.313320888506937 ], [ 10.201722630127414, 50.313640152951834 ], [ 10.20274568187863, 50.314065690602511 ], [ 10.203769713691813, 50.314338263074752 ], [ 10.204795620289007, 50.314313912542978 ], [ 10.205794378001654, 50.314136524832769 ], [ 10.206090350429903, 50.313993322337133 ], [ 10.20651322875664, 50.313778462714694 ], [ 10.207203183403861, 50.313546288175814 ], [ 10.208509031094735, 50.313693571241025 ], [ 10.20907040358715, 50.313802964963877 ], [ 10.21003876141229, 50.313994362931105 ], [ 10.2107403761919, 50.314149090510497 ], [ 10.211102779035373, 50.314626872917479 ], [ 10.211803526042424, 50.314925552315934 ], [ 10.212209750502138, 50.31513351456271 ], [ 10.212446646124006, 50.315458019551329 ], [ 10.212865832374938, 50.315845962856329 ], [ 10.213369336295067, 50.316234114661043 ], [ 10.213931406778427, 50.316235516585962 ], [ 10.214212605513513, 50.316209224177285 ], [ 10.214579206184322, 50.316003192284455 ], [ 10.215142907109948, 50.315734665957301 ], [ 10.215272581616157, 50.315204132663872 ], [ 10.215949819712231, 50.314746935289214 ], [ 10.21404364947656, 50.313950421048865 ] ] ] ] } },
{ "type": "Feature", "properties": { "id": null, "Name": null }, "geometry": { "type": "MultiPolygon", "coordinates": [ [ [ [ 10.122680891458865, 50.308818859896171 ], [ 10.123578450361494, 50.307265223855957 ], [ 10.124870027415746, 50.307386419566527 ], [ 10.127974769429377, 50.309187040493036 ], [ 10.128792695377042, 50.308802792039373 ], [ 10.128288335362448, 50.308621208300131 ], [ 10.1273363214856, 50.308195236384215 ], [ 10.126273146482227, 50.307615935144646 ], [ 10.125518716153765, 50.307082619318066 ], [ 10.127866953628974, 50.306829325123168 ], [ 10.129951914657322, 50.306107260069858 ], [ 10.130952542662426, 50.305705590179393 ], [ 10.132037655423352, 50.305277189276538 ], [ 10.134286377531371, 50.303349895741299 ], [ 10.134724861391218, 50.302964396333977 ], [ 10.136580342390339, 50.302817326186776 ], [ 10.138606869806091, 50.302346852778875 ], [ 10.138726497554162, 50.30140248421602 ], [ 10.141520192510752, 50.301636181228766 ], [ 10.142441193849072, 50.300595335839233 ], [ 10.144146323819092, 50.299880829126813 ], [ 10.145428648225938, 50.299344943053413 ], [ 10.145318172513964, 50.299092670373646 ], [ 10.145276709873732, 50.299002566433664 ], [ 10.145657050276816, 50.29885978029165 ], [ 10.147699651247931, 50.298083279356725 ], [ 10.149855288129585, 50.297208113819629 ], [ 10.15116710063392, 50.296465310969566 ], [ 10.152368099659771, 50.295506216078735 ], [ 10.152964839723211, 50.294581273564852 ], [ 10.153588984691069, 50.293746386388861 ], [ 10.153731617395241, 50.293449897078865 ], [ 10.154101608307931, 50.292794191802187 ], [ 10.1565484727165, 50.292378654658158 ], [ 10.159288340621277, 50.292224864597657 ], [ 10.158054049132664, 50.288127309622375 ], [ 10.155523786031464, 50.286536174738224 ], [ 10.153383853497601, 50.289175010392348 ], [ 10.152106902812825, 50.29093466710578 ], [ 10.151054323438215, 50.290832498724306 ], [ 10.151649832809731, 50.29006951550771 ], [ 10.152360327435918, 50.288946976146839 ], [ 10.152957382808038, 50.287968050331465 ], [ 10.15363893461411, 50.28695338609797 ], [ 10.154318015154832, 50.286271620406936 ], [ 10.155388820448218, 50.285788973268495 ], [ 10.156457700651957, 50.285567239546559 ], [ 10.157481957043984, 50.285687269100492 ], [ 10.157621990922053, 50.285741672181594 ], [ 10.158532348122565, 50.286077293751703 ], [ 10.159749841115321, 50.286665749935651 ], [ 10.160589108339197, 50.28712710996512 ], [ 10.160852947131408, 50.287541776922509 ], [ 10.160988004342791, 50.288288972108745 ], [ 10.161082683180476, 50.288793114156071 ], [ 10.16144399996079, 50.289325036056958 ], [ 10.161876125545049, 50.289776186921017 ], [ 10.162504294067039, 50.290308891006759 ], [ 10.162697237817019, 50.290822318433143 ], [ 10.163014138296449, 50.291678016586623 ], [ 10.163286472456276, 50.292875489515765 ], [ 10.163589545168518, 50.293704152633111 ], [ 10.163991972449502, 50.294389144953293 ], [ 10.16415891087034, 50.294614572381249 ], [ 10.164507863239074, 50.294921509310392 ], [ 10.164842583598791, 50.29525539617137 ], [ 10.164995547827047, 50.295471783920235 ], [ 10.164994075488305, 50.295678723113056 ], [ 10.165019607405309, 50.296038699924651 ], [ 10.165060529259753, 50.296209772672164 ], [ 10.165325736186142, 50.296444482805924 ], [ 10.165507883983038, 50.296507996195174 ], [ 10.165943114144932, 50.296536256349455 ], [ 10.166167656135048, 50.296563902460619 ], [ 10.166363596664812, 50.296663445199194 ], [ 10.166545174031517, 50.296807933670493 ], [ 10.166544537125976, 50.296897906912051 ], [ 10.166543581318496, 50.297032867603136 ], [ 10.166563839226473, 50.298139625051867 ], [ 10.166562692077846, 50.298301577739579 ], [ 10.166673217197163, 50.298562827630121 ], [ 10.166994630812543, 50.298797696582049 ], [ 10.16751181158288, 50.299159098127824 ], [ 10.169403938455693, 50.299758400664501 ], [ 10.169782381616905, 50.299876458367592 ], [ 10.171534284168832, 50.300448330092941 ], [ 10.172795202620778, 50.300928801300664 ], [ 10.173622737847028, 50.301111107564225 ], [ 10.174507712250854, 50.301113620240884 ], [ 10.175532539971398, 50.30120649737588 ], [ 10.176317824734864, 50.301406659743677 ], [ 10.176514548595565, 50.301398216880258 ], [ 10.177427931321965, 50.301355799416058 ], [ 10.178693600065095, 50.301152405187132 ], [ 10.179664082405903, 50.300975166337579 ], [ 10.18040956012419, 50.300833283547455 ], [ 10.181057556261148, 50.300565159282073 ], [ 10.181986241788371, 50.300333799877045 ], [ 10.183012883207455, 50.300156688232782 ], [ 10.183758579216404, 50.299978794392864 ], [ 10.184125367635108, 50.299745867908101 ], [ 10.184156417902914, 50.29930507382889 ], [ 10.184988060226626, 50.29887547737173 ], [ 10.186397569009696, 50.298150535419843 ], [ 10.188832639436905, 50.297392371648321 ], [ 10.186562880581558, 50.294417009239652 ], [ 10.18757777832492, 50.293870926165958 ], [ 10.18832686996563, 50.293162157857076 ], [ 10.193407536396718, 50.293724691033965 ], [ 10.197158658478067, 50.293563696086707 ], [ 10.198523786892864, 50.293135408492887 ], [ 10.202685458821984, 50.287999680109891 ], [ 10.185956683953107, 50.286326569822812 ], [ 10.182303003927249, 50.286694409683193 ], [ 10.179816123166043, 50.286876446776141 ], [ 10.175516433178341, 50.287233269072679 ], [ 10.170125342222732, 50.287010956628883 ], [ 10.165926867214695, 50.286944826448909 ], [ 10.163891163508325, 50.284896440877269 ], [ 10.165392626538814, 50.283074328070946 ], [ 10.163655872277541, 50.282448420478083 ], [ 10.16219941214781, 50.281904290098424 ], [ 10.160644955702082, 50.281323860971497 ], [ 10.160220407407241, 50.281781479564764 ], [ 10.159824388707484, 50.282176197920585 ], [ 10.157848319661262, 50.281648465221146 ], [ 10.157483962083704, 50.281548405433007 ], [ 10.156686420706475, 50.281519919390242 ], [ 10.154185033950075, 50.281430540474283 ], [ 10.151648880595541, 50.282601547565605 ], [ 10.148908408124584, 50.28290811023416 ], [ 10.147073789599586, 50.282254659129464 ], [ 10.14534103373963, 50.281133620813904 ], [ 10.143179024209367, 50.281081930559459 ], [ 10.142926282305867, 50.281081144120435 ], [ 10.142884909497146, 50.280982042367739 ], [ 10.142525231243903, 50.280270115942265 ], [ 10.140967779814986, 50.280121292504973 ], [ 10.139322306064678, 50.280467036906757 ], [ 10.136294120276219, 50.283489654294137 ], [ 10.135621067431051, 50.285179059548952 ], [ 10.137399886203843, 50.285778532456426 ], [ 10.136353302185428, 50.286737959471566 ], [ 10.133866533713661, 50.285074501896894 ], [ 10.133179786950308, 50.284901355439921 ], [ 10.132885458439047, 50.284828433655925 ], [ 10.132366805329969, 50.284709804790353 ], [ 10.132358099756562, 50.285825474191526 ], [ 10.134178819547435, 50.288260633589253 ], [ 10.132778287629026, 50.289569805178601 ], [ 10.128003064564187, 50.289599414196381 ], [ 10.127839413078995, 50.290759569958375 ], [ 10.126502942718398, 50.291043150716298 ], [ 10.126455316736983, 50.291735808098061 ], [ 10.126533162942886, 50.292545842605136 ], [ 10.12447418478582, 50.293600837822964 ], [ 10.121642578229292, 50.296407779421813 ], [ 10.119657185568695, 50.297013053108692 ], [ 10.118945862695817, 50.298126393508753 ], [ 10.115991778935127, 50.300374942098408 ], [ 10.114716304182346, 50.300028760468379 ], [ 10.111094157717902, 50.301483152683502 ], [ 10.107255653813926, 50.301901968714141 ], [ 10.106697286186135, 50.303159720104006 ], [ 10.105937953751182, 50.303247091882426 ], [ 10.103077153744547, 50.304316947799848 ], [ 10.104260430806461, 50.305607688345276 ], [ 10.102640374887125, 50.306132951047147 ], [ 10.103323708052374, 50.308402708285065 ], [ 10.106262895050696, 50.306388366617448 ], [ 10.109567429570047, 50.307722297535811 ], [ 10.114576930566011, 50.308477025929562 ], [ 10.117441611294671, 50.308657560903001 ], [ 10.119890963138237, 50.309817387342591 ], [ 10.115630309441205, 50.311962624645481 ], [ 10.115183128092793, 50.313382746744971 ], [ 10.116039494748085, 50.313475589595448 ], [ 10.120774575696096, 50.310009258014503 ], [ 10.122680891458865, 50.308818859896171 ] ] ] ] } },
{ "type": "Feature", "properties": { "id": null, "Name": null }, "geometry": { "type": "MultiPolygon", "coordinates": [ [ [ [ 10.274518269437772, 50.302640264528399 ], [ 10.27769594746594, 50.302034631523014 ], [ 10.279479903703832, 50.302056067178043 ], [ 10.281374822540558, 50.302383601500161 ], [ 10.282294409032316, 50.300981739251959 ], [ 10.284399520170789, 50.301417591740503 ], [ 10.286431768956589, 50.299342968529146 ], [ 10.284594893863618, 50.298628734511404 ], [ 10.284290278744026, 50.297665429911326 ], [ 10.285928192272928, 50.295788019978481 ], [ 10.288973271778637, 50.293292356054629 ], [ 10.296069818792745, 50.295662526287558 ], [ 10.297060239241265, 50.29724783961808 ], [ 10.298325201010279, 50.297061121707074 ], [ 10.297965212838271, 50.295845827730965 ], [ 10.297968802506139, 50.295009067236165 ], [ 10.292176158330287, 50.293154240368217 ], [ 10.289960470868531, 50.292385420445221 ], [ 10.28956862663992, 50.292069790202191 ], [ 10.289570113351715, 50.291736885909657 ], [ 10.28975449885198, 50.291332336977483 ], [ 10.289783792913395, 50.29106246608869 ], [ 10.289280652810991, 50.290512696618585 ], [ 10.287419563629523, 50.28900668394234 ], [ 10.287365988106, 50.288430745954713 ], [ 10.287565924342152, 50.287693321851499 ], [ 10.287946591732011, 50.287361119322163 ], [ 10.289186741134563, 50.286391675735366 ], [ 10.289665204516133, 50.286167616177636 ], [ 10.288054933046849, 50.285129942886108 ], [ 10.287337189914616, 50.282366387989143 ], [ 10.286817077043185, 50.282491388071243 ], [ 10.286325004185057, 50.282625435025416 ], [ 10.287218743451129, 50.286828920050453 ], [ 10.286137266172158, 50.286862899858995 ], [ 10.286285003103771, 50.285252625389589 ], [ 10.285990518285647, 50.285162102051217 ], [ 10.28510690482949, 50.28492651601816 ], [ 10.284068876365867, 50.28468163519139 ], [ 10.283743753606636, 50.285148892154588 ], [ 10.28206166272871, 50.287530044499128 ], [ 10.281414211869155, 50.287843725262391 ], [ 10.279612456412208, 50.288740028336399 ], [ 10.277551318705186, 50.28804324477467 ], [ 10.277124870473514, 50.286161942367833 ], [ 10.276946914215742, 50.285189867848359 ], [ 10.278270216172555, 50.284490628385392 ], [ 10.277615280550052, 50.283418660185305 ], [ 10.276658632264645, 50.283794696429219 ], [ 10.276179275957693, 50.284198649337156 ], [ 10.275741996738619, 50.284611680079486 ], [ 10.275416920691807, 50.285051921505328 ], [ 10.274396769600651, 50.286948390817152 ], [ 10.274071406092967, 50.287442612857717 ], [ 10.273788986547427, 50.287765966039707 ], [ 10.273464605796633, 50.288053246011224 ], [ 10.271772903843459, 50.289390520687313 ], [ 10.271338682489638, 50.289155721803148 ], [ 10.270666992388771, 50.288659519053986 ], [ 10.2700138408204, 50.287245605958269 ], [ 10.268641103675186, 50.286532044971437 ], [ 10.266936456100474, 50.284792079485747 ], [ 10.265027943956836, 50.284536258075583 ], [ 10.264564861529569, 50.284472326329265 ], [ 10.263601900782659, 50.283282678159345 ], [ 10.263494127203087, 50.282373709136344 ], [ 10.263426765234872, 50.281806728471537 ], [ 10.262700774670021, 50.28097746034608 ], [ 10.261917880323498, 50.277520803246624 ], [ 10.259937596381928, 50.274880413708523 ], [ 10.258055339299124, 50.275065407327624 ], [ 10.257409150572524, 50.275136022923284 ], [ 10.256512762174712, 50.274010005188053 ], [ 10.254159203978096, 50.271053244222436 ], [ 10.254095350829379, 50.26983844697034 ], [ 10.252748604640251, 50.269664600284877 ], [ 10.252465434103138, 50.267450608897505 ], [ 10.251984736611453, 50.265434135124146 ], [ 10.251847260237019, 50.264884991829589 ], [ 10.250932464460684, 50.265341880682996 ], [ 10.250439849020106, 50.265592739394791 ], [ 10.249052420826727, 50.265175828325461 ], [ 10.244196894663721, 50.264958161227838 ], [ 10.244213079610192, 50.264562308388932 ], [ 10.24424417928534, 50.264004533842687 ], [ 10.24142290245627, 50.263998208489554 ], [ 10.241230544407831, 50.263241986516071 ], [ 10.231388353321675, 50.263741215257305 ], [ 10.228832278927408, 50.263996127985116 ], [ 10.225785325536021, 50.264177832112267 ], [ 10.22100682451874, 50.265210018257577 ], [ 10.214414852216565, 50.266651390408228 ], [ 10.212497152104248, 50.268068205196251 ], [ 10.21243479914205, 50.269084766639068 ], [ 10.212236622705545, 50.269354194288162 ], [ 10.211769359518918, 50.270009838990447 ], [ 10.211888549787437, 50.271179813916262 ], [ 10.210900348177681, 50.272077077879501 ], [ 10.210217532442028, 50.273532950937081 ], [ 10.209124199197932, 50.275527631316322 ], [ 10.207745749665808, 50.275938013747584 ], [ 10.205956358620444, 50.276950160621439 ], [ 10.20589334719314, 50.278047695329583 ], [ 10.205846676120872, 50.278776374236479 ], [ 10.205451121850148, 50.279162252208195 ], [ 10.204419773258971, 50.280176319630492 ], [ 10.204494990096006, 50.281616115397846 ], [ 10.206301343130564, 50.28242153191686 ], [ 10.208524672560463, 50.283929785556793 ], [ 10.209879057124443, 50.285183872485554 ], [ 10.211149697144377, 50.286365752539183 ], [ 10.210460713575953, 50.286507976373436 ], [ 10.209954449132978, 50.286623666016546 ], [ 10.210806262228083, 50.287408599599054 ], [ 10.212772414771914, 50.287395541853236 ], [ 10.213132659862092, 50.288197222259534 ], [ 10.214250892609236, 50.289063773317643 ], [ 10.214741930608142, 50.289145972760508 ], [ 10.216888396589061, 50.289520185683074 ], [ 10.219668478475837, 50.289625982461587 ], [ 10.222777154212093, 50.29117210872905 ], [ 10.22407752846792, 50.292155971401961 ], [ 10.225575738698785, 50.292942347194092 ], [ 10.226412313671727, 50.293997053563189 ], [ 10.227254188704876, 50.294143017557921 ], [ 10.228194281039578, 50.294307203059283 ], [ 10.228618073851292, 50.29388532216494 ], [ 10.229013562544996, 50.293499363838244 ], [ 10.229503897163076, 50.293716460868339 ], [ 10.233594977680548, 50.295507536551504 ], [ 10.234345128434969, 50.294492556185361 ], [ 10.235397564079111, 50.294665939765551 ], [ 10.235676171174603, 50.294162650178343 ], [ 10.236263096245256, 50.293102364599797 ], [ 10.236753912360314, 50.293238454008488 ], [ 10.23700762534264, 50.293077080938581 ], [ 10.237740362255261, 50.292646876717718 ], [ 10.238848999198543, 50.292811360071823 ], [ 10.240740658049102, 50.2910611340141 ], [ 10.24241571422006, 50.290372097498874 ], [ 10.242780712296415, 50.290399909040467 ], [ 10.2445916170945, 50.290547912909339 ], [ 10.247473314609611, 50.290059426882898 ], [ 10.249326018017873, 50.290270431248054 ], [ 10.249873401046356, 50.290334607735467 ], [ 10.252357118839448, 50.290735884011866 ], [ 10.254108273094726, 50.291576416830729 ], [ 10.255537583441614, 50.292200297282406 ], [ 10.257191972971148, 50.292761654427757 ], [ 10.258117496428589, 50.293042531094507 ], [ 10.259084752020854, 50.293404465320151 ], [ 10.260136476199328, 50.293730578003291 ], [ 10.261287215383339, 50.29392192476908 ], [ 10.262059652441618, 50.293932526204813 ], [ 10.262157876929745, 50.293950724766354 ], [ 10.262479373190159, 50.294257305578931 ], [ 10.262814827473438, 50.29458190942416 ], [ 10.262996647385259, 50.294735242519359 ], [ 10.263234559001743, 50.294906686087018 ], [ 10.263556790982346, 50.29506930514539 ], [ 10.264089527878454, 50.295268346168001 ], [ 10.264426261362701, 50.295341017815538 ], [ 10.264903361101677, 50.295431971132047 ], [ 10.265380552468789, 50.2955049271687 ], [ 10.266264845051317, 50.2956236989898 ], [ 10.266826404393329, 50.295678826409123 ], [ 10.266754616425716, 50.295993592575243 ], [ 10.266234119075364, 50.296154489203957 ], [ 10.265418208048887, 50.29640475461504 ], [ 10.264221696107871, 50.296924158352766 ], [ 10.263187786419838, 50.298622558363292 ], [ 10.264773382066585, 50.298958726036354 ], [ 10.266009486355406, 50.298961252024746 ], [ 10.272587182631074, 50.29817369376223 ], [ 10.273338803927611, 50.299605783244949 ], [ 10.272045841671201, 50.299738185632656 ], [ 10.270042707283764, 50.301470708172523 ], [ 10.274518269437772, 50.302640264528399 ] ] ] ] } },
{ "type": "Feature", "properties": { "id": null, "Name": null }, "geometry": { "type": "MultiPolygon", "coordinates": [ [ [ [ 10.132358099756562, 50.285825474191526 ], [ 10.132366805329969, 50.284709804790353 ], [ 10.132885458439047, 50.284828433655925 ], [ 10.133179786950308, 50.284901355439921 ], [ 10.133866533713661, 50.285074501896894 ], [ 10.136353302185428, 50.286737959471566 ], [ 10.137399886203843, 50.285778532456426 ], [ 10.135621067431051, 50.285179059548952 ], [ 10.136294120276219, 50.283489654294137 ], [ 10.139322306064678, 50.280467036906757 ], [ 10.140967779814986, 50.280121292504973 ], [ 10.142525231243903, 50.280270115942265 ], [ 10.142884909497146, 50.280982042367739 ], [ 10.142926282305867, 50.281081144120435 ], [ 10.143179024209367, 50.281081930559459 ], [ 10.14534103373963, 50.281133620813904 ], [ 10.147073789599586, 50.282254659129464 ], [ 10.148908408124584, 50.28290811023416 ], [ 10.151648880595541, 50.282601547565605 ], [ 10.154185033950075, 50.281430540474283 ], [ 10.156686420706475, 50.281519919390242 ], [ 10.157483962083704, 50.281548405433007 ], [ 10.157848319661262, 50.281648465221146 ], [ 10.159824388707484, 50.282176197920585 ], [ 10.160220407407241, 50.281781479564764 ], [ 10.160644955702082, 50.281323860971497 ], [ 10.16219941214781, 50.281904290098424 ], [ 10.163655872277541, 50.282448420478083 ], [ 10.165392626538814, 50.283074328070946 ], [ 10.163891163508325, 50.284896440877269 ], [ 10.165926867214695, 50.286944826448909 ], [ 10.170125342222732, 50.287010956628883 ], [ 10.175516433178341, 50.287233269072679 ], [ 10.179816123166043, 50.286876446776141 ], [ 10.182303003927249, 50.286694409683193 ], [ 10.185956683953107, 50.286326569822812 ], [ 10.202685458821984, 50.287999680109891 ], [ 10.203203489398575, 50.286021566300334 ], [ 10.203234635786105, 50.285535780922203 ], [ 10.201521895288975, 50.285459358769721 ], [ 10.202938917581067, 50.283438593996266 ], [ 10.205059029686502, 50.283480052760375 ], [ 10.204494990096006, 50.281616115397846 ], [ 10.204419773258971, 50.280176319630492 ], [ 10.205451121850148, 50.279162252208195 ], [ 10.205846676120872, 50.278776374236479 ], [ 10.20589334719314, 50.278047695329583 ], [ 10.205956358620444, 50.276950160621439 ], [ 10.207745749665808, 50.275938013747584 ], [ 10.209124199197932, 50.275527631316322 ], [ 10.210217532442028, 50.273532950937081 ], [ 10.210900348177681, 50.272077077879501 ], [ 10.211888549787437, 50.271179813916262 ], [ 10.211769359518918, 50.270009838990447 ], [ 10.212236622705545, 50.269354194288162 ], [ 10.21243479914205, 50.269084766639068 ], [ 10.212497152104248, 50.268068205196251 ], [ 10.199726855637095, 50.267450651963067 ], [ 10.198673246793177, 50.267724202456371 ], [ 10.197221413885496, 50.26658859685773 ], [ 10.196424651347616, 50.266166421417097 ], [ 10.195610061742938, 50.265897881287025 ], [ 10.194352206546128, 50.265750020690298 ], [ 10.193205518764058, 50.265843303355382 ], [ 10.192471691296662, 50.266009940817689 ], [ 10.191623394207562, 50.266441212136613 ], [ 10.190713345129188, 50.267294796303581 ], [ 10.189299829859966, 50.267026994657037 ], [ 10.183506449963925, 50.266426318600075 ], [ 10.171907656340263, 50.262983672422273 ], [ 10.168306394807868, 50.262127548510158 ], [ 10.167326126220383, 50.261809796642439 ], [ 10.166692111462513, 50.262149861828966 ], [ 10.161534151289436, 50.265049954726223 ], [ 10.161064474329676, 50.267900783111152 ], [ 10.162381918372514, 50.268192588812028 ], [ 10.161505009043298, 50.269107751943054 ], [ 10.157771112157528, 50.271013148036275 ], [ 10.156542179119599, 50.272053189145318 ], [ 10.153817473878529, 50.274123430424623 ], [ 10.149045738073623, 50.272012507017365 ], [ 10.145903220105682, 50.270706952018905 ], [ 10.143342900273399, 50.269643153480651 ], [ 10.140359614079431, 50.267819745911268 ], [ 10.139268082855812, 50.267375439341343 ], [ 10.136945787827715, 50.268168894504996 ], [ 10.136228979841693, 50.268283591722756 ], [ 10.133290403697762, 50.268886068556128 ], [ 10.129277311320001, 50.27044774079058 ], [ 10.1278969663426, 50.271028112483052 ], [ 10.126678208521929, 50.270700241714863 ], [ 10.126216592145193, 50.270491794638019 ], [ 10.125827026942451, 50.270049644914167 ], [ 10.125326240426077, 50.26947216723655 ], [ 10.12503416848279, 50.269129306361449 ], [ 10.123639530410937, 50.267982050427712 ], [ 10.122968115194549, 50.267682926921729 ], [ 10.121660705333388, 50.267921556013029 ], [ 10.114590909250145, 50.26900472135533 ], [ 10.114412764346149, 50.268473266547367 ], [ 10.111320596949886, 50.268939702478399 ], [ 10.108635462497059, 50.269407444128355 ], [ 10.106953870184087, 50.270733333891272 ], [ 10.104788837822891, 50.27277734082336 ], [ 10.101549058360844, 50.274052786917238 ], [ 10.098596776620598, 50.272872812132604 ], [ 10.096101434627766, 50.274087723731633 ], [ 10.095377926108027, 50.276595497911487 ], [ 10.097901334165309, 50.277045249829712 ], [ 10.100324296200775, 50.277755525773458 ], [ 10.102198692126546, 50.27858981633603 ], [ 10.103831437647615, 50.279783144982112 ], [ 10.105561348543064, 50.281120745040027 ], [ 10.105971823830677, 50.282408808034511 ], [ 10.105897627479781, 50.282885424342872 ], [ 10.105753370621555, 50.283343805140504 ], [ 10.10690352679895, 50.283500709803157 ], [ 10.108442170200739, 50.282534232210097 ], [ 10.111055325344806, 50.284072706053152 ], [ 10.112703130223283, 50.283484439950357 ], [ 10.113723663098439, 50.28232719336971 ], [ 10.114465972458728, 50.28084509127946 ], [ 10.114779657867746, 50.2802613030819 ], [ 10.115260944654258, 50.279786046848947 ], [ 10.116009726376204, 50.279221708209768 ], [ 10.116926464310165, 50.278720909198299 ], [ 10.118025779435733, 50.278211713051441 ], [ 10.118947057455124, 50.278880595541828 ], [ 10.119169160519254, 50.279196247823727 ], [ 10.122211091429868, 50.283318189104783 ], [ 10.121114885373521, 50.283431543373801 ], [ 10.12162590909085, 50.284494942009964 ], [ 10.122239294038209, 50.285054811571044 ], [ 10.123865264465403, 50.285429052647281 ], [ 10.124874533365219, 50.285657295462165 ], [ 10.126951336792493, 50.285853014025335 ], [ 10.127868555325133, 50.287070662835703 ], [ 10.128306927793874, 50.288466705908853 ], [ 10.128003064564187, 50.289599414196381 ], [ 10.132778287629026, 50.289569805178601 ], [ 10.134178819547435, 50.288260633589253 ], [ 10.132358099756562, 50.285825474191526 ] ] ] ] } },
{ "type": "Feature", "properties": { "id": null, "Name": null }, "geometry": { "type": "MultiPolygon", "coordinates": [ [ [ [ 10.30075331308727, 50.304146389037996 ], [ 10.302612767334887, 50.302934939077936 ], [ 10.304147238062191, 50.302154785365516 ], [ 10.307423754127804, 50.301323561681869 ], [ 10.308322675774731, 50.301352058823227 ], [ 10.309656995568542, 50.30139926635686 ], [ 10.31159729909006, 50.300961590153562 ], [ 10.312292213335956, 50.299307190662915 ], [ 10.312897046321813, 50.299101235871177 ], [ 10.313586260757258, 50.298868422150285 ], [ 10.315724201726121, 50.298143077830979 ], [ 10.318474907804781, 50.298768287242574 ], [ 10.320136525179095, 50.301371176066773 ], [ 10.322100100456352, 50.302184009572819 ], [ 10.325034351212192, 50.302647390913265 ], [ 10.325890766376528, 50.30278365556368 ], [ 10.327231249511492, 50.301166133373876 ], [ 10.327870482582833, 50.299223636759784 ], [ 10.329322351423096, 50.297831195092002 ], [ 10.32869838252507, 50.295598890109503 ], [ 10.327338326896713, 50.294949034124386 ], [ 10.325585740726863, 50.294109618555353 ], [ 10.326332559629883, 50.293453934996229 ], [ 10.327461863214589, 50.291899074463522 ], [ 10.330387021223109, 50.290823737751126 ], [ 10.333901066222911, 50.289983114155113 ], [ 10.336310531071218, 50.287701218438421 ], [ 10.337406282580069, 50.28759480610843 ], [ 10.339401103957867, 50.287399670971112 ], [ 10.340917378410763, 50.287518749434525 ], [ 10.343533789049413, 50.28620871612226 ], [ 10.343247899311917, 50.283500088720125 ], [ 10.340312863428514, 50.283568021495796 ], [ 10.339376245777318, 50.282334061614904 ], [ 10.338056787711587, 50.282197245295336 ], [ 10.33725669242401, 50.282115136027429 ], [ 10.337961962448512, 50.281189395319608 ], [ 10.338610824561371, 50.280326553341936 ], [ 10.336856587288024, 50.280063145899206 ], [ 10.334943916842986, 50.280942162347031 ], [ 10.334896422015582, 50.278467791195922 ], [ 10.334166680086117, 50.274372894261894 ], [ 10.332467919171451, 50.274370426102848 ], [ 10.332243290044751, 50.274370098278055 ], [ 10.331346897155354, 50.273774951292673 ], [ 10.331055590576694, 50.272793799784104 ], [ 10.331394391084428, 50.272272445787074 ], [ 10.33146500225901, 50.272155582719769 ], [ 10.333992314394511, 50.272060295423472 ], [ 10.334148671559603, 50.271511676377187 ], [ 10.336158303461481, 50.270902737225029 ], [ 10.337566321041203, 50.269690082993996 ], [ 10.337230125647784, 50.269482665024491 ], [ 10.335969408418487, 50.268707088560063 ], [ 10.336827667824098, 50.268141472485667 ], [ 10.338692838051879, 50.268674960193465 ], [ 10.339169657516493, 50.268810591776784 ], [ 10.340952778321185, 50.268714105763628 ], [ 10.340858068940767, 50.267661272511198 ], [ 10.340776915137981, 50.266752416906236 ], [ 10.342278099690771, 50.266988424784145 ], [ 10.345449817396998, 50.267199683027499 ], [ 10.34661862529463, 50.266058575912211 ], [ 10.344672895948809, 50.264418422008404 ], [ 10.343943808891163, 50.264174501480063 ], [ 10.344648768098601, 50.263221728979865 ], [ 10.345630906978512, 50.263340021476345 ], [ 10.34633247504571, 50.263412943446696 ], [ 10.347585643731694, 50.262190962986544 ], [ 10.346772069223269, 50.262036922044331 ], [ 10.345762060111678, 50.261864616946063 ], [ 10.34650864365609, 50.261037853911866 ], [ 10.348528639421414, 50.26138244190102 ], [ 10.349078644632225, 50.260564399713701 ], [ 10.347915636258055, 50.259969032506319 ], [ 10.346878620195758, 50.259481790719484 ], [ 10.345743086794547, 50.259084381934798 ], [ 10.344621163768229, 50.258821941263939 ], [ 10.343344183439013, 50.258766219808713 ], [ 10.343403908829002, 50.257686608127621 ], [ 10.343575725101813, 50.256661134336838 ], [ 10.345198655630094, 50.253919118099269 ], [ 10.345774932071386, 50.253640973736609 ], [ 10.347011807114718, 50.253039802036149 ], [ 10.344673751144946, 50.251381131469557 ], [ 10.344239724725528, 50.25108362749129 ], [ 10.344267997402477, 50.251020683600991 ], [ 10.344352756144481, 50.25084984762438 ], [ 10.344536452636939, 50.250463207141095 ], [ 10.343906580909184, 50.249985487335522 ], [ 10.34498932930428, 50.249294153595159 ], [ 10.346068991986384, 50.24953853863267 ], [ 10.346672980555867, 50.249350401963312 ], [ 10.347586071329779, 50.249036708801619 ], [ 10.346622296709199, 50.247676811564851 ], [ 10.346454447396704, 50.247514633166929 ], [ 10.345223675507386, 50.246298325558271 ], [ 10.345719824021947, 50.244751436802098 ], [ 10.350515359791986, 50.241248793386497 ], [ 10.354566481449005, 50.237807991575664 ], [ 10.355211763775467, 50.237817805715693 ], [ 10.3560534169247, 50.237836860574397 ], [ 10.355896492024373, 50.238691418111564 ], [ 10.357720227459668, 50.238693695644088 ], [ 10.357935293121836, 50.237155403898804 ], [ 10.357978543409521, 50.236768568996276 ], [ 10.359942672947321, 50.236708003338194 ], [ 10.361514010533872, 50.236646930250124 ], [ 10.361998549221711, 50.234056259412576 ], [ 10.361216617869177, 50.232831667037964 ], [ 10.359181549271689, 50.233216073935118 ], [ 10.357905543614558, 50.233061543393482 ], [ 10.357274543602816, 50.232988780105195 ], [ 10.356924031758723, 50.232934358692106 ], [ 10.35744683867768, 50.231675372397959 ], [ 10.358221846714319, 50.230497672635366 ], [ 10.358334597858908, 50.230317863983892 ], [ 10.355811771909913, 50.229693897149907 ], [ 10.352546007779925, 50.228951954879044 ], [ 10.348506798681917, 50.228874708046767 ], [ 10.348959658281249, 50.22761566858555 ], [ 10.345272887913609, 50.227025919361189 ], [ 10.344835145163831, 50.227925068473716 ], [ 10.340798709165096, 50.22705578163886 ], [ 10.34056000613287, 50.227136426706124 ], [ 10.339914079714324, 50.227360461776847 ], [ 10.337588534581528, 50.22658341271859 ], [ 10.335168791209728, 50.224690501684847 ], [ 10.334116442702172, 50.224832942510389 ], [ 10.333168751518459, 50.22314005351749 ], [ 10.330917128750379, 50.221391256512085 ], [ 10.326798392698564, 50.220242435323996 ], [ 10.322687668720759, 50.217015077042944 ], [ 10.324710218396431, 50.216118448075285 ], [ 10.322281640992143, 50.213127570100106 ], [ 10.323292846659703, 50.212679263445843 ], [ 10.321273858804121, 50.212667134888008 ], [ 10.317070389163122, 50.215548667798082 ], [ 10.31519326056228, 50.215086788386401 ], [ 10.315014330530721, 50.214231746280156 ], [ 10.312209075154749, 50.214470113095821 ], [ 10.311253256912662, 50.218562363463654 ], [ 10.310159822158926, 50.221961579126393 ], [ 10.310570092630666, 50.224562511306509 ], [ 10.310638518204144, 50.224985503143863 ], [ 10.308769301964338, 50.225954120630348 ], [ 10.306284230410119, 50.226597761827321 ], [ 10.306728462589462, 50.22771419177878 ], [ 10.306023674960267, 50.228567756693344 ], [ 10.305841119328225, 50.228621431989268 ], [ 10.304830076255739, 50.228907632168877 ], [ 10.303986172826708, 50.22947303025191 ], [ 10.302481099467085, 50.230496152678462 ], [ 10.296975326887324, 50.232223037276427 ], [ 10.293507009728772, 50.233062600697913 ], [ 10.292850387070153, 50.232458587582627 ], [ 10.291559400209064, 50.232573214487999 ], [ 10.290698996524881, 50.23048424242095 ], [ 10.295597048035116, 50.229827271548409 ], [ 10.294889230388479, 50.228098501433195 ], [ 10.284232036472579, 50.227593074161973 ], [ 10.283302929635484, 50.228338108084095 ], [ 10.278384714540364, 50.227311994638313 ], [ 10.27788641456069, 50.228885580848093 ], [ 10.271636233257821, 50.227775611925679 ], [ 10.269508059671065, 50.2298857495867 ], [ 10.265594160165268, 50.230003776612207 ], [ 10.265098228144673, 50.231010474595202 ], [ 10.262477329522861, 50.230600188875528 ], [ 10.25763439863846, 50.234072062334128 ], [ 10.25395713154818, 50.234469113759189 ], [ 10.246791052236135, 50.234093611346225 ], [ 10.246679123948388, 50.234039379091662 ], [ 10.245350417726804, 50.233316639246084 ], [ 10.243289270138312, 50.233159085375739 ], [ 10.24234582169769, 50.23382278043362 ], [ 10.240507166143839, 50.23401657682961 ], [ 10.239817100105512, 50.234509872774417 ], [ 10.239322012501288, 50.235255536989236 ], [ 10.239511740282561, 50.236461627085745 ], [ 10.240150385855697, 50.237668735829708 ], [ 10.239348083407451, 50.238152776887098 ], [ 10.239251176747867, 50.237918622746996 ], [ 10.238946337049468, 50.237234122010236 ], [ 10.238753181297072, 50.236648847619435 ], [ 10.237239604484961, 50.236384461942954 ], [ 10.23676727300351, 50.235555612247445 ], [ 10.236741778815752, 50.235096683465805 ], [ 10.236842331737087, 50.234674034133256 ], [ 10.23307739446498, 50.233171751740571 ], [ 10.226237535653418, 50.23223788059564 ], [ 10.216821717340476, 50.228913482329915 ], [ 10.216617458411156, 50.22775147799419 ], [ 10.203960468247468, 50.223661915410098 ], [ 10.204371229199323, 50.223015158567939 ], [ 10.200385034177788, 50.221796659577493 ], [ 10.198808789094826, 50.221685401869379 ], [ 10.198664477439378, 50.22104226512235 ], [ 10.198455937139427, 50.220363492289046 ], [ 10.198375594515388, 50.219769448281575 ], [ 10.198466748363895, 50.218671998336234 ], [ 10.198680421637363, 50.218150707809144 ], [ 10.199246313553976, 50.217369416047838 ], [ 10.198455597576258, 50.216695471742945 ], [ 10.198102702501732, 50.216394684004705 ], [ 10.197712219220755, 50.216060748716174 ], [ 10.198543076416938, 50.215505094860987 ], [ 10.199695837708649, 50.215040254606009 ], [ 10.20074911327761, 50.214782083878326 ], [ 10.201254970783767, 50.214612452227939 ], [ 10.201621009109228, 50.214379472440996 ], [ 10.201819184647402, 50.214083072308036 ], [ 10.201847682801489, 50.214011166482912 ], [ 10.201976090683155, 50.213660600033258 ], [ 10.201895999587373, 50.213021572869181 ], [ 10.201828623246104, 50.21258952020812 ], [ 10.201634720993724, 50.212211122906631 ], [ 10.201399384847152, 50.211733644615251 ], [ 10.201220364085753, 50.211220323793398 ], [ 10.20119705280414, 50.210473474864173 ], [ 10.201342494540203, 50.209646089217721 ], [ 10.201420393746702, 50.208413642130644 ], [ 10.20145685726242, 50.207082115238038 ], [ 10.201810977638988, 50.206507201483475 ], [ 10.20202319564169, 50.206201840793149 ], [ 10.202137505363277, 50.205860235056484 ], [ 10.202000327229513, 50.205383014042688 ], [ 10.199529420310695, 50.205943399163225 ], [ 10.198416579251898, 50.206777237150078 ], [ 10.197979912683877, 50.207099995138677 ], [ 10.196366482738032, 50.207284676487248 ], [ 10.194040037493311, 50.207161520596635 ], [ 10.194238989175911, 50.206748169391119 ], [ 10.194494945251524, 50.206191010541325 ], [ 10.190417902706992, 50.205802173722333 ], [ 10.188342220377198, 50.205931507497112 ], [ 10.186232147843388, 50.207014439589571 ], [ 10.183755692031065, 50.206269839563006 ], [ 10.183441298749601, 50.207159718753267 ], [ 10.184474692804704, 50.207765398763236 ], [ 10.182060198289077, 50.208226591301234 ], [ 10.179116822446588, 50.20811041625268 ], [ 10.178927223124402, 50.209189579813966 ], [ 10.175856009830468, 50.209306896877727 ], [ 10.173829932470662, 50.210344852471103 ], [ 10.172096507365833, 50.211626541667407 ], [ 10.17206483995542, 50.212148303593779 ], [ 10.172000813431863, 50.213290798488408 ], [ 10.168986103270962, 50.215306559590346 ], [ 10.1543383377415, 50.216513959590671 ], [ 10.151690309998111, 50.218116490428734 ], [ 10.150520605581844, 50.220794179598379 ], [ 10.153673750619582, 50.222999137602741 ], [ 10.15896653983198, 50.224157689810632 ], [ 10.160018880254695, 50.224088836043471 ], [ 10.160580822279005, 50.22395553985185 ], [ 10.161213010761907, 50.223804452989043 ], [ 10.1611984050537, 50.223885386897273 ], [ 10.160483114322174, 50.227788178575921 ], [ 10.156261730477793, 50.231590532666225 ], [ 10.151518782982832, 50.229947665166605 ], [ 10.150680254174137, 50.23142969993355 ], [ 10.147247343214186, 50.230942319723518 ], [ 10.146110456051849, 50.232909267749605 ], [ 10.147432083548971, 50.23625141271274 ], [ 10.152085909184624, 50.238631973554568 ], [ 10.151812656946563, 50.239539891997843 ], [ 10.148909756495827, 50.239387079160373 ], [ 10.146944461843091, 50.241423478028494 ], [ 10.149126489431142, 50.242311932323155 ], [ 10.148685536102571, 50.243120357681477 ], [ 10.150082586150964, 50.243925407981415 ], [ 10.148520020613169, 50.24650291475011 ], [ 10.145618595196135, 50.246098093378826 ], [ 10.145358812297419, 50.246839000229016 ], [ 10.14504503615856, 50.247733867214144 ], [ 10.141294303946053, 50.246453545633642 ], [ 10.138944780981699, 50.249109437257573 ], [ 10.143863041890869, 50.250033566672585 ], [ 10.143985388839321, 50.25055580287944 ], [ 10.143128476008325, 50.25067910466403 ], [ 10.142032737075903, 50.250837644908067 ], [ 10.140531496827593, 50.250805955971799 ], [ 10.138750856271422, 50.250611412737179 ], [ 10.135722487226621, 50.250268924440192 ], [ 10.132916992000458, 50.250143009724312 ], [ 10.129352088880854, 50.250230515618938 ], [ 10.127316380682897, 50.250358880551715 ], [ 10.125012978123557, 50.250621297765775 ], [ 10.122483952900794, 50.25101788911806 ], [ 10.120980044656106, 50.251318844513698 ], [ 10.115497514187712, 50.250796730402236 ], [ 10.1125867346136, 50.249824197380136 ], [ 10.113657484211467, 50.247587423113863 ], [ 10.108636561136644, 50.245608933463842 ], [ 10.104187101329829, 50.247474146069656 ], [ 10.103903228310152, 50.247860060582077 ], [ 10.103561711297028, 50.248425725073538 ], [ 10.103374685648125, 50.248973928792289 ], [ 10.103144347727804, 50.249665942698435 ], [ 10.102430011007131, 50.251175055984604 ], [ 10.101862185916032, 50.251946874788395 ], [ 10.100767650726118, 50.251943069425593 ], [ 10.098172098968341, 50.253526570372635 ], [ 10.097235776862892, 50.254710962931249 ], [ 10.09688897595924, 50.25587942640373 ], [ 10.097349981481585, 50.257770532467333 ], [ 10.09902788980356, 50.258505212598998 ], [ 10.100019297500557, 50.259102512844898 ], [ 10.100126994723341, 50.259642741881748 ], [ 10.100207693080264, 50.26005691087736 ], [ 10.100234541927479, 50.260200965493439 ], [ 10.100182363284208, 50.26138846093572 ], [ 10.09856531492442, 50.261733717717647 ], [ 10.09552106546203, 50.26482718206821 ], [ 10.097169857589018, 50.267352301610146 ], [ 10.098593760077877, 50.269930596813545 ], [ 10.098596776620598, 50.272872812132604 ], [ 10.101549058360844, 50.274052786917238 ], [ 10.104788837822891, 50.27277734082336 ], [ 10.106953870184087, 50.270733333891272 ], [ 10.108635462497059, 50.269407444128355 ], [ 10.111320596949886, 50.268939702478399 ], [ 10.114412764346149, 50.268473266547367 ], [ 10.114590909250145, 50.26900472135533 ], [ 10.121660705333388, 50.267921556013029 ], [ 10.122968115194549, 50.267682926921729 ], [ 10.123639530410937, 50.267982050427712 ], [ 10.12503416848279, 50.269129306361449 ], [ 10.125326240426077, 50.26947216723655 ], [ 10.125827026942451, 50.270049644914167 ], [ 10.126216592145193, 50.270491794638019 ], [ 10.126678208521929, 50.270700241714863 ], [ 10.1278969663426, 50.271028112483052 ], [ 10.129277311320001, 50.27044774079058 ], [ 10.133290403697762, 50.268886068556128 ], [ 10.136228979841693, 50.268283591722756 ], [ 10.136945787827715, 50.268168894504996 ], [ 10.139268082855812, 50.267375439341343 ], [ 10.140359614079431, 50.267819745911268 ], [ 10.143342900273399, 50.269643153480651 ], [ 10.145903220105682, 50.270706952018905 ], [ 10.149045738073623, 50.272012507017365 ], [ 10.153817473878529, 50.274123430424623 ], [ 10.156542179119599, 50.272053189145318 ], [ 10.157771112157528, 50.271013148036275 ], [ 10.161505009043298, 50.269107751943054 ], [ 10.162381918372514, 50.268192588812028 ], [ 10.161064474329676, 50.267900783111152 ], [ 10.161534151289436, 50.265049954726223 ], [ 10.166692111462513, 50.262149861828966 ], [ 10.167326126220383, 50.261809796642439 ], [ 10.168306394807868, 50.262127548510158 ], [ 10.171907656340263, 50.262983672422273 ], [ 10.183506449963925, 50.266426318600075 ], [ 10.189299829859966, 50.267026994657037 ], [ 10.190713345129188, 50.267294796303581 ], [ 10.191623394207562, 50.266441212136613 ], [ 10.192471691296662, 50.266009940817689 ], [ 10.193205518764058, 50.265843303355382 ], [ 10.194352206546128, 50.265750020690298 ], [ 10.195610061742938, 50.265897881287025 ], [ 10.196424651347616, 50.266166421417097 ], [ 10.197221413885496, 50.26658859685773 ], [ 10.198673246793177, 50.267724202456371 ], [ 10.199726855637095, 50.267450651963067 ], [ 10.212497152104248, 50.268068205196251 ], [ 10.214414852216565, 50.266651390408228 ], [ 10.22100682451874, 50.265210018257577 ], [ 10.225785325536021, 50.264177832112267 ], [ 10.228832278927408, 50.263996127985116 ], [ 10.231388353321675, 50.263741215257305 ], [ 10.241230544407831, 50.263241986516071 ], [ 10.24142290245627, 50.263998208489554 ], [ 10.24424417928534, 50.264004533842687 ], [ 10.244213079610192, 50.264562308388932 ], [ 10.244196894663721, 50.264958161227838 ], [ 10.249052420826727, 50.265175828325461 ], [ 10.250439849020106, 50.265592739394791 ], [ 10.250932464460684, 50.265341880682996 ], [ 10.251847260237019, 50.264884991829589 ], [ 10.251984736611453, 50.265434135124146 ], [ 10.252465434103138, 50.267450608897505 ], [ 10.252748604640251, 50.269664600284877 ], [ 10.254095350829379, 50.26983844697034 ], [ 10.254159203978096, 50.271053244222436 ], [ 10.256512762174712, 50.274010005188053 ], [ 10.257409150572524, 50.275136022923284 ], [ 10.258055339299124, 50.275065407327624 ], [ 10.259937596381928, 50.274880413708523 ], [ 10.261917880323498, 50.277520803246624 ], [ 10.262700774670021, 50.28097746034608 ], [ 10.263426765234872, 50.281806728471537 ], [ 10.263494127203087, 50.282373709136344 ], [ 10.263601900782659, 50.283282678159345 ], [ 10.264564861529569, 50.284472326329265 ], [ 10.265027943956836, 50.284536258075583 ], [ 10.266936456100474, 50.284792079485747 ], [ 10.268641103675186, 50.286532044971437 ], [ 10.2700138408204, 50.287245605958269 ], [ 10.270666992388771, 50.288659519053986 ], [ 10.271338682489638, 50.289155721803148 ], [ 10.271772903843459, 50.289390520687313 ], [ 10.273464605796633, 50.288053246011224 ], [ 10.273788986547427, 50.287765966039707 ], [ 10.274071406092967, 50.287442612857717 ], [ 10.274396769600651, 50.286948390817152 ], [ 10.275416920691807, 50.285051921505328 ], [ 10.275741996738619, 50.284611680079486 ], [ 10.276179275957693, 50.284198649337156 ], [ 10.276658632264645, 50.283794696429219 ], [ 10.277615280550052, 50.283418660185305 ], [ 10.278270216172555, 50.284490628385392 ], [ 10.276946914215742, 50.285189867848359 ], [ 10.277124870473514, 50.286161942367833 ], [ 10.277551318705186, 50.28804324477467 ], [ 10.279612456412208, 50.288740028336399 ], [ 10.281414211869155, 50.287843725262391 ], [ 10.28206166272871, 50.287530044499128 ], [ 10.283743753606636, 50.285148892154588 ], [ 10.284068876365867, 50.28468163519139 ], [ 10.28510690482949, 50.28492651601816 ], [ 10.285990518285647, 50.285162102051217 ], [ 10.286285003103771, 50.285252625389589 ], [ 10.286137266172158, 50.286862899858995 ], [ 10.287218743451129, 50.286828920050453 ], [ 10.286325004185057, 50.282625435025416 ], [ 10.286817077043185, 50.282491388071243 ], [ 10.287337189914616, 50.282366387989143 ], [ 10.288054933046849, 50.285129942886108 ], [ 10.289665204516133, 50.286167616177636 ], [ 10.289186741134563, 50.286391675735366 ], [ 10.287946591732011, 50.287361119322163 ], [ 10.287565924342152, 50.287693321851499 ], [ 10.287365988106, 50.288430745954713 ], [ 10.287419563629523, 50.28900668394234 ], [ 10.289280652810991, 50.290512696618585 ], [ 10.289783792913395, 50.29106246608869 ], [ 10.28975449885198, 50.291332336977483 ], [ 10.289570113351715, 50.291736885909657 ], [ 10.28956862663992, 50.292069790202191 ], [ 10.289960470868531, 50.292385420445221 ], [ 10.292176158330287, 50.293154240368217 ], [ 10.297968802506139, 50.295009067236165 ], [ 10.297965212838271, 50.295845827730965 ], [ 10.298325201010279, 50.297061121707074 ], [ 10.297060239241265, 50.29724783961808 ], [ 10.296069818792745, 50.295662526287558 ], [ 10.288973271778637, 50.293292356054629 ], [ 10.285928192272928, 50.295788019978481 ], [ 10.284290278744026, 50.297665429911326 ], [ 10.284594893863618, 50.298628734511404 ], [ 10.286431768956589, 50.299342968529146 ], [ 10.287635449453543, 50.30030793362377 ], [ 10.288179521291891, 50.301145706060105 ], [ 10.290379261860743, 50.302427388821684 ], [ 10.292750114423212, 50.303160490686217 ], [ 10.295178563368449, 50.303587730981135 ], [ 10.296330619482639, 50.30356278854881 ], [ 10.299235109951438, 50.304377678833859 ], [ 10.30075331308727, 50.304146389037996 ] ] ] ] } },
{ "type": "Feature", "properties": { "id": null, "Name": null }, "geometry": { "type": "MultiPolygon", "coordinates": [ [ [ [ 10.259734553771512, 50.320209418046986 ], [ 10.259915727794654, 50.320506715636391 ], [ 10.260124827745031, 50.320840060990676 ], [ 10.262175362636748, 50.321087258742942 ], [ 10.262018639857335, 50.321509817222292 ], [ 10.261689900480791, 50.322597836454598 ], [ 10.262497706008457, 50.324048111113548 ], [ 10.261269522165476, 50.325125267854965 ], [ 10.264651335155431, 50.326193955413487 ], [ 10.265914206544799, 50.326610422721288 ], [ 10.265405629838261, 50.327131241154738 ], [ 10.266374522161007, 50.330147388255646 ], [ 10.267822951352086, 50.330015361841923 ], [ 10.267195902130911, 50.331750615916143 ], [ 10.268879448279638, 50.3324108348938 ], [ 10.268390630916089, 50.334623243458104 ], [ 10.27194429072159, 50.335215192600636 ], [ 10.276190501305489, 50.335043592724141 ], [ 10.280073249932137, 50.334430262249668 ], [ 10.281029853301789, 50.334279131688348 ], [ 10.283810118444906, 50.334950214016416 ], [ 10.286813673326584, 50.335999540042984 ], [ 10.28816199426239, 50.333149819356152 ], [ 10.289656162972779, 50.332225819909127 ], [ 10.286558023576514, 50.330375613234459 ], [ 10.285707446563213, 50.328871443476878 ], [ 10.286344890190504, 50.327783930873956 ], [ 10.284458225074609, 50.325423056016199 ], [ 10.285728131170947, 50.324327734576322 ], [ 10.286071729580613, 50.322942757776424 ], [ 10.286361993215207, 50.320918857073529 ], [ 10.286364811230269, 50.320298034121137 ], [ 10.285508888342708, 50.320008518045867 ], [ 10.286103935081854, 50.318947921216527 ], [ 10.291837125158938, 50.319021438861867 ], [ 10.290127235914531, 50.318001607985885 ], [ 10.290837806897503, 50.31621240030745 ], [ 10.289351819144413, 50.315426900773979 ], [ 10.29193144646711, 50.313578117216842 ], [ 10.29501803173221, 50.308194164108919 ], [ 10.292020915974492, 50.306047368907649 ], [ 10.292750114423212, 50.303160490686217 ], [ 10.290379261860743, 50.302427388821684 ], [ 10.288179521291891, 50.301145706060105 ], [ 10.287635449453543, 50.30030793362377 ], [ 10.286431768956589, 50.299342968529146 ], [ 10.284399520170789, 50.301417591740503 ], [ 10.282294409032316, 50.300981739251959 ], [ 10.281374822540558, 50.302383601500161 ], [ 10.279479903703832, 50.302056067178043 ], [ 10.27769594746594, 50.302034631523014 ], [ 10.274518269437772, 50.302640264528399 ], [ 10.272294418985023, 50.303526627707726 ], [ 10.273695328195879, 50.304339173071092 ], [ 10.27293025911956, 50.305678291333834 ], [ 10.267795686584881, 50.304201427401672 ], [ 10.267025866319013, 50.306467240012267 ], [ 10.262950877323215, 50.306620853796311 ], [ 10.264151964383949, 50.308044934021723 ], [ 10.262406667144313, 50.308671161854662 ], [ 10.26516616952625, 50.31033238153686 ], [ 10.263950966339126, 50.311706509301239 ], [ 10.267705609816394, 50.313918557838278 ], [ 10.26449606315523, 50.315090694611889 ], [ 10.265794344336452, 50.316802878626007 ], [ 10.264289208094732, 50.317114712110488 ], [ 10.262531657834622, 50.317318034060534 ], [ 10.261378745625931, 50.317441609273196 ], [ 10.261346399987508, 50.318278311863246 ], [ 10.261453348015349, 50.319358236693873 ], [ 10.259734553771512, 50.320209418046986 ] ] ] ] } },
{ "type": "Feature", "properties": { "id": null, "Name": null }, "geometry": { "type": "MultiPolygon", "coordinates": [ [ [ [ 10.236703134190549, 50.372677643120866 ], [ 10.237453143011162, 50.371896569037361 ], [ 10.237037329934129, 50.370779920293295 ], [ 10.245127669672327, 50.367981902580894 ], [ 10.244708143858224, 50.367522095824874 ], [ 10.241807505365379, 50.368028478982382 ], [ 10.238909401019912, 50.368066921124637 ], [ 10.237142536128632, 50.362025527996579 ], [ 10.234846554551845, 50.360112770521972 ], [ 10.234563910427463, 50.359616654149818 ], [ 10.232660153066661, 50.356274744321439 ], [ 10.231895365163002, 50.354743377071848 ], [ 10.229247452403975, 50.352991642627273 ], [ 10.226752702400862, 50.353957474630938 ], [ 10.223872579632497, 50.353473719672166 ], [ 10.223915384355756, 50.350972499911649 ], [ 10.222359743930488, 50.350077993738481 ], [ 10.221388941789447, 50.350165619785734 ], [ 10.219855444835931, 50.35028785713213 ], [ 10.219556443288567, 50.350907959865175 ], [ 10.214931751814211, 50.350608658810039 ], [ 10.213343291440019, 50.350514731761649 ], [ 10.213324652296178, 50.348958106474761 ], [ 10.213326187517017, 50.348706178400874 ], [ 10.212172872863094, 50.3487482830621 ], [ 10.211691198902697, 50.349331917622273 ], [ 10.211152824179873, 50.349987387975339 ], [ 10.20970373382873, 50.35010070490943 ], [ 10.209367638148356, 50.349874916260028 ], [ 10.20826127484106, 50.349143309660832 ], [ 10.204904958733822, 50.348432929408773 ], [ 10.204125020742881, 50.349474642206104 ], [ 10.203415981387458, 50.350417559032472 ], [ 10.203365682918044, 50.351704082340063 ], [ 10.203683174488932, 50.354881045086124 ], [ 10.201097700930355, 50.354532442080576 ], [ 10.200280048070541, 50.357049634179489 ], [ 10.199269658971577, 50.358900496099068 ], [ 10.198581364410993, 50.358763729200781 ], [ 10.197710466607651, 50.358590488195055 ], [ 10.19620825168726, 50.360350053596918 ], [ 10.195932409606232, 50.361680966598321 ], [ 10.193513878061752, 50.361566572419768 ], [ 10.193681142571004, 50.366119796915903 ], [ 10.193592168933685, 50.36898079266475 ], [ 10.190723641618986, 50.36878416190185 ], [ 10.190105121003155, 50.372984372356854 ], [ 10.191840677810163, 50.374356671556612 ], [ 10.189955485931341, 50.376475035767271 ], [ 10.189875641872259, 50.377914436232622 ], [ 10.194180413629509, 50.378033937124812 ], [ 10.193965847430626, 50.378573221837115 ], [ 10.199926404699365, 50.37941670987518 ], [ 10.201145285589272, 50.378034255069352 ], [ 10.20391479610177, 50.378410321233957 ], [ 10.209226449036818, 50.372719406251441 ], [ 10.216476916086664, 50.374222115402873 ], [ 10.217766222199884, 50.372722691473292 ], [ 10.22983154059496, 50.373723414808566 ], [ 10.230914990574291, 50.37124262500091 ], [ 10.233810088258471, 50.371771224078302 ], [ 10.234347176593818, 50.371331584782567 ], [ 10.235593836985533, 50.372297198920407 ], [ 10.236703134190549, 50.372677643120866 ] ] ] ] } },
{ "type": "Feature", "properties": { "id": null, "Name": null }, "geometry": { "type": "MultiPolygon", "coordinates": [ [ [ [ 10.251631586415384, 50.369741665307146 ], [ 10.250059281343258, 50.366758780953489 ], [ 10.253207699446003, 50.366964812835811 ], [ 10.2565071432126, 50.36818651901973 ], [ 10.256843269435711, 50.368475152521917 ], [ 10.257207907287663, 50.368691864858519 ], [ 10.257685505591594, 50.368827835923952 ], [ 10.261936397296434, 50.368341851152699 ], [ 10.266762027526804, 50.365409542306381 ], [ 10.267532793718681, 50.36599594488078 ], [ 10.26857748947833, 50.365233260431665 ], [ 10.270840914312609, 50.365498723897012 ], [ 10.273613889627182, 50.362193119805326 ], [ 10.274764462622864, 50.362780220565107 ], [ 10.275768403614729, 50.361675485178672 ], [ 10.275151892530172, 50.361179415513107 ], [ 10.27857990767181, 50.359026659061193 ], [ 10.27645983329565, 50.358248766274173 ], [ 10.277253699665055, 50.356927668136684 ], [ 10.276212753473391, 50.356970633795605 ], [ 10.276373658808756, 50.355666303500655 ], [ 10.277351785812595, 50.351061461007561 ], [ 10.276340419346623, 50.350825561066735 ], [ 10.280140919124191, 50.347026935980217 ], [ 10.280667499865656, 50.34265514083669 ], [ 10.286129089706442, 50.338157674065066 ], [ 10.286813673326584, 50.335999540042984 ], [ 10.283810118444906, 50.334950214016416 ], [ 10.281029853301789, 50.334279131688348 ], [ 10.280073249932137, 50.334430262249668 ], [ 10.276190501305489, 50.335043592724141 ], [ 10.27194429072159, 50.335215192600636 ], [ 10.268390630916089, 50.334623243458104 ], [ 10.268117025640104, 50.335945328604495 ], [ 10.267903452977944, 50.336493746752701 ], [ 10.267591825609243, 50.336969985826769 ], [ 10.267098282208998, 50.33727490295059 ], [ 10.265654019404224, 50.336525170534529 ], [ 10.263421299884664, 50.338823963472024 ], [ 10.260404074440991, 50.337764999168058 ], [ 10.255248640330484, 50.336998338332215 ], [ 10.252899350029779, 50.337299225666222 ], [ 10.249751337965554, 50.339748741040303 ], [ 10.246265850408651, 50.339386696215207 ], [ 10.245590370315593, 50.339658624691467 ], [ 10.240772392833165, 50.338649676732601 ], [ 10.240362852691764, 50.339139972050106 ], [ 10.239896269529806, 50.339699859597296 ], [ 10.237474293844521, 50.340387162192421 ], [ 10.235906828895159, 50.341616234441972 ], [ 10.236041466593297, 50.342678254574508 ], [ 10.23697913886665, 50.343454194749448 ], [ 10.236363270975847, 50.345468234639895 ], [ 10.231702523820958, 50.346636126389392 ], [ 10.232313370129319, 50.34801417699488 ], [ 10.23017347801966, 50.348459050366216 ], [ 10.230058095709605, 50.348962642396828 ], [ 10.227062465765352, 50.349045541985681 ], [ 10.223915384355756, 50.350972499911649 ], [ 10.223872579632497, 50.353473719672166 ], [ 10.226752702400862, 50.353957474630938 ], [ 10.229247452403975, 50.352991642627273 ], [ 10.231895365163002, 50.354743377071848 ], [ 10.232660153066661, 50.356274744321439 ], [ 10.234563910427463, 50.359616654149818 ], [ 10.234846554551845, 50.360112770521972 ], [ 10.237142536128632, 50.362025527996579 ], [ 10.238909401019912, 50.368066921124637 ], [ 10.241807505365379, 50.368028478982382 ], [ 10.244708143858224, 50.367522095824874 ], [ 10.245127669672327, 50.367981902580894 ], [ 10.245672740437247, 50.368639931684989 ], [ 10.246938809829016, 50.368642725566936 ], [ 10.248455157943777, 50.369194904801937 ], [ 10.249834932490954, 50.36898197415438 ], [ 10.251631586415384, 50.369741665307146 ] ] ] ] } },
{ "type": "Feature", "properties": { "id": null, "Name": null }, "geometry": { "type": "MultiPolygon", "coordinates": [ [ [ [ 10.12192775919601, 50.393870860817096 ], [ 10.138637266100378, 50.391756139896721 ], [ 10.141562785231631, 50.390172712940441 ], [ 10.132955597099789, 50.383973189061123 ], [ 10.122971814456863, 50.379523049649897 ], [ 10.11669050203785, 50.375039453606981 ], [ 10.117619541501295, 50.371524471636519 ], [ 10.120039923575296, 50.367969433647708 ], [ 10.124409680358507, 50.363341017930537 ], [ 10.12700026802599, 50.361262004941992 ], [ 10.131646018705569, 50.358937606292358 ], [ 10.135490076892962, 50.357769835990041 ], [ 10.137947718389976, 50.357023141976683 ], [ 10.147048967351656, 50.353047517452495 ], [ 10.151870662062777, 50.351406665808213 ], [ 10.153985156104399, 50.350711239318159 ], [ 10.156085328305466, 50.350042724078428 ], [ 10.159736057365592, 50.348847913758739 ], [ 10.161189246729357, 50.348177388324054 ], [ 10.16198213752838, 50.345462450956589 ], [ 10.154473899806085, 50.348351627492875 ], [ 10.151136474370944, 50.348874803182753 ], [ 10.150619040275725, 50.350415873232173 ], [ 10.149307985051143, 50.350602328915926 ], [ 10.148025401031202, 50.350960261521543 ], [ 10.146413236811632, 50.351602841234282 ], [ 10.145335946580166, 50.352361320888463 ], [ 10.144617254826999, 50.352930449808326 ], [ 10.143751012093484, 50.35332771194679 ], [ 10.143153664768906, 50.35359248828621 ], [ 10.142384467933825, 50.352957416591941 ], [ 10.140354406545757, 50.351281226029776 ], [ 10.137661950823354, 50.352127541315113 ], [ 10.135714938683279, 50.351131649137379 ], [ 10.131616875561098, 50.351883382435631 ], [ 10.13176351385313, 50.353999359699536 ], [ 10.131886769896644, 50.35513238558989 ], [ 10.129178297212725, 50.354394871638689 ], [ 10.129367795923603, 50.353456018472507 ], [ 10.129585524192267, 50.352686638392044 ], [ 10.128532748984956, 50.352440304295904 ], [ 10.127281044552907, 50.352454246947495 ], [ 10.126141552276254, 50.352504531022049 ], [ 10.124630841988211, 50.351491873966076 ], [ 10.121591744363974, 50.346443241561019 ], [ 10.117601818639059, 50.347752682293404 ], [ 10.111043031900127, 50.348495467088732 ], [ 10.10452562335983, 50.347636442537421 ], [ 10.099946102771222, 50.345452161971998 ], [ 10.098977622775211, 50.345250837830982 ], [ 10.099464066789762, 50.345918359427607 ], [ 10.101033276267422, 50.346580645296243 ], [ 10.103131759635744, 50.34784758013739 ], [ 10.10990100817102, 50.348860498348131 ], [ 10.113839385869959, 50.348729838345221 ], [ 10.114394171914723, 50.349667453960855 ], [ 10.111260143924516, 50.351150500464861 ], [ 10.112165575662308, 50.352197284223848 ], [ 10.108894569862658, 50.353211928327283 ], [ 10.109389920673262, 50.354527267047523 ], [ 10.105421183510952, 50.354864617383569 ], [ 10.104610884260078, 50.355896559750221 ], [ 10.101776606113882, 50.355112978168599 ], [ 10.101619319192459, 50.355418352544071 ], [ 10.096474969394237, 50.353429922617515 ], [ 10.092381039420671, 50.351984850498752 ], [ 10.086093231283845, 50.350585736942826 ], [ 10.077460847204881, 50.351939958427792 ], [ 10.075866181268708, 50.350998328286757 ], [ 10.075231928457308, 50.351157943435553 ], [ 10.076630847899827, 50.351972894377916 ], [ 10.073912993211087, 50.352385739051819 ], [ 10.07055110575245, 50.354019795830467 ], [ 10.068116508737413, 50.35572922540279 ], [ 10.068505827801751, 50.356216560688658 ], [ 10.070785414226311, 50.354542535370825 ], [ 10.072890450804625, 50.353488654749675 ], [ 10.07488061711263, 50.352686245191194 ], [ 10.080496939964492, 50.352104041263139 ], [ 10.084662574362342, 50.351759266266647 ], [ 10.086363790372674, 50.351801392294689 ], [ 10.089271380927523, 50.352189722193579 ], [ 10.086604498444656, 50.353214888764448 ], [ 10.085938246744481, 50.353815332101824 ], [ 10.086237104561409, 50.355013095248559 ], [ 10.08905753158426, 50.354132448017396 ], [ 10.09014364057683, 50.352147848138586 ], [ 10.102968886091572, 50.357150567938284 ], [ 10.097384910674759, 50.357203124062806 ], [ 10.095516485850727, 50.358591198275612 ], [ 10.096243814007025, 50.359061632631217 ], [ 10.096765277944622, 50.358937496256466 ], [ 10.098287538770577, 50.358555928062103 ], [ 10.098721305576866, 50.358818374799746 ], [ 10.097901880341011, 50.359247398163205 ], [ 10.097831250301791, 50.359283141243118 ], [ 10.097096658368098, 50.359658469465835 ], [ 10.096685544378314, 50.360034928866661 ], [ 10.096457266294937, 50.360412028284124 ], [ 10.096453869764845, 50.360807912598162 ], [ 10.096565309369106, 50.36093427106848 ], [ 10.096815471311107, 50.361286056343978 ], [ 10.092396563207112, 50.363177972188815 ], [ 10.094661322937911, 50.364796559239693 ], [ 10.086126812105775, 50.364352256688811 ], [ 10.082134465421182, 50.362484296329136 ], [ 10.076520598563318, 50.361096107301265 ], [ 10.075717504699297, 50.365924887681039 ], [ 10.0791053274185, 50.367754869043182 ], [ 10.080409326376515, 50.369811101582876 ], [ 10.081871389298641, 50.371507988387862 ], [ 10.076903390468813, 50.371705756627271 ], [ 10.064105306415012, 50.368193843002203 ], [ 10.058840568893975, 50.368560660086153 ], [ 10.056950051802128, 50.367644624834476 ], [ 10.056287970081545, 50.367741045484664 ], [ 10.056884882621528, 50.368589128958106 ], [ 10.051844520902279, 50.369019474687931 ], [ 10.052022254377869, 50.369560027880993 ], [ 10.056693866656152, 50.369452169730131 ], [ 10.056294179236783, 50.371556084232793 ], [ 10.056046409508387, 50.37395750741134 ], [ 10.056850108836885, 50.375265271530694 ], [ 10.06013734809205, 50.37580875728419 ], [ 10.062191483431432, 50.375816597418698 ], [ 10.064792994612755, 50.37597043623655 ], [ 10.069711886139288, 50.375044194430338 ], [ 10.077816463276417, 50.373427667091995 ], [ 10.081218611429467, 50.373719036514878 ], [ 10.088988634395205, 50.384553264256674 ], [ 10.089679280745225, 50.386040344386636 ], [ 10.089576307762508, 50.388163425805089 ], [ 10.089507994478401, 50.389539824828468 ], [ 10.089843561949417, 50.389792956574055 ], [ 10.091688777001506, 50.391239148474241 ], [ 10.092295210785192, 50.391097336944014 ], [ 10.092887567070063, 50.390955472299645 ], [ 10.093528046104677, 50.391758529804221 ], [ 10.094572670897454, 50.393030887305429 ], [ 10.095139374891078, 50.392600995327967 ], [ 10.095819437290395, 50.392081523003583 ], [ 10.096741550743019, 50.392876554032476 ], [ 10.098740311233323, 50.394512120881302 ], [ 10.100110021954384, 50.39565059630737 ], [ 10.105578590806619, 50.398152831094031 ], [ 10.107982837341456, 50.39849396332513 ], [ 10.11487239814106, 50.397752434462937 ], [ 10.12192775919601, 50.393870860817096 ] ] ] ] } },
{ "type": "Feature", "properties": { "id": null, "Name": null }, "geometry": { "type": "MultiPolygon", "coordinates": [ [ [ [ 10.241782028245597, 50.390603334246073 ], [ 10.247779464051678, 50.387638444196398 ], [ 10.253744915342105, 50.387948292138468 ], [ 10.25403259362532, 50.386761228330073 ], [ 10.256690503735145, 50.387126784977447 ], [ 10.256317202530619, 50.385839341852297 ], [ 10.259506617946263, 50.386835788297503 ], [ 10.260005646459652, 50.385568173290977 ], [ 10.265457276678886, 50.384463722676543 ], [ 10.265390417767247, 50.383761775648338 ], [ 10.267918585098917, 50.381886414833822 ], [ 10.270775784657884, 50.381748184722646 ], [ 10.27194257404107, 50.381984440813959 ], [ 10.273713844270517, 50.382347842670029 ], [ 10.276403224161394, 50.381993201030788 ], [ 10.279050306877103, 50.381647412683023 ], [ 10.282061576490454, 50.381653158734309 ], [ 10.284072705883926, 50.381890889181435 ], [ 10.284333090653863, 50.380343798328283 ], [ 10.285628070526386, 50.38024724632799 ], [ 10.286502838271991, 50.379727015397073 ], [ 10.287903949603757, 50.381052249521353 ], [ 10.300661756793499, 50.375559573816204 ], [ 10.310409057039557, 50.372804815643548 ], [ 10.311859827240273, 50.372384314145734 ], [ 10.308981466966443, 50.370975951493179 ], [ 10.300763441592078, 50.368163766649971 ], [ 10.293476883827413, 50.368078927626641 ], [ 10.288339769060482, 50.368636429591504 ], [ 10.288498760085998, 50.367691979698165 ], [ 10.280737956530004, 50.366759689173051 ], [ 10.281086367214622, 50.36443898537501 ], [ 10.277832569542568, 50.365386483182434 ], [ 10.274764462622864, 50.362780220565107 ], [ 10.273613889627182, 50.362193119805326 ], [ 10.270840914312609, 50.365498723897012 ], [ 10.26857748947833, 50.365233260431665 ], [ 10.267532793718681, 50.36599594488078 ], [ 10.266762027526804, 50.365409542306381 ], [ 10.261936397296434, 50.368341851152699 ], [ 10.257685505591594, 50.368827835923952 ], [ 10.257207907287663, 50.368691864858519 ], [ 10.256843269435711, 50.368475152521917 ], [ 10.2565071432126, 50.36818651901973 ], [ 10.253207699446003, 50.366964812835811 ], [ 10.250059281343258, 50.366758780953489 ], [ 10.251631586415384, 50.369741665307146 ], [ 10.249834932490954, 50.36898197415438 ], [ 10.248455157943777, 50.369194904801937 ], [ 10.246938809829016, 50.368642725566936 ], [ 10.245672740437247, 50.368639931684989 ], [ 10.245127669672327, 50.367981902580894 ], [ 10.237037329934129, 50.370779920293295 ], [ 10.237453143011162, 50.371896569037361 ], [ 10.236703134190549, 50.372677643120866 ], [ 10.239396884385272, 50.374024418382028 ], [ 10.238387971218303, 50.375821641801281 ], [ 10.233498336023974, 50.374649725370169 ], [ 10.233080368786869, 50.376403282726407 ], [ 10.23337557854545, 50.376448955431137 ], [ 10.235273426788311, 50.376732265232945 ], [ 10.235257634405636, 50.377038146738116 ], [ 10.235211016333965, 50.377820828450993 ], [ 10.232070649831106, 50.378290425436859 ], [ 10.232025259756432, 50.378848169472001 ], [ 10.232750736484943, 50.37993856480221 ], [ 10.233336556627801, 50.38084868014905 ], [ 10.231998367790089, 50.381097501298285 ], [ 10.230884326582069, 50.381517785797037 ], [ 10.229783146553958, 50.382145034412318 ], [ 10.229274501575475, 50.382503741358882 ], [ 10.230424810466479, 50.38312727657285 ], [ 10.231114275531882, 50.383137888477869 ], [ 10.232690160390405, 50.383168555071386 ], [ 10.232869821650601, 50.383744817787147 ], [ 10.232994476370996, 50.384096012966964 ], [ 10.233895087748962, 50.38409810024946 ], [ 10.234176529029165, 50.384098750950024 ], [ 10.234204012086964, 50.384215782966699 ], [ 10.234286207037151, 50.384611866804939 ], [ 10.234573596062868, 50.386052143004903 ], [ 10.233954144792378, 50.386095699750484 ], [ 10.232926482887123, 50.386156301095681 ], [ 10.233370379096582, 50.387291026262758 ], [ 10.233679883746243, 50.387309738368465 ], [ 10.234819392192575, 50.387384352458447 ], [ 10.235575843730404, 50.388006927147636 ], [ 10.236265280948031, 50.38803550291091 ], [ 10.236691119223638, 50.389898978129182 ], [ 10.241782028245597, 50.390603334246073 ] ] ] ] } },
{ "type": "Feature", "properties": { "id": null, "Name": null }, "geometry": { "type": "MultiPolygon", "coordinates": [ [ [ [ 10.379115834671206, 50.363900061459461 ], [ 10.371824339765727, 50.360662052360851 ], [ 10.371684743367176, 50.360275003266821 ], [ 10.37165681025343, 50.360202991905645 ], [ 10.371391691361957, 50.359428908864217 ], [ 10.373504040226679, 50.358450523598819 ], [ 10.376416872451191, 50.357886848717612 ], [ 10.377978311501657, 50.357771549612018 ], [ 10.377280121998211, 50.355845337597607 ], [ 10.378891466055929, 50.35270691459796 ], [ 10.374168407261342, 50.351946049124187 ], [ 10.371232322145696, 50.350854097897596 ], [ 10.36916730820823, 50.35008697652065 ], [ 10.367424057330815, 50.349932020854297 ], [ 10.365234739914222, 50.343505251403968 ], [ 10.361646718650778, 50.344427730709718 ], [ 10.35889174467621, 50.344145457715712 ], [ 10.3571488019209, 50.343972351402343 ], [ 10.35533380170345, 50.344374968394085 ], [ 10.350441696142035, 50.344098779910034 ], [ 10.344728908601727, 50.345413836230001 ], [ 10.343757835169463, 50.345682445400925 ], [ 10.342392989724017, 50.345968501949415 ], [ 10.341254011283704, 50.345984929290474 ], [ 10.339763483445148, 50.34600985290848 ], [ 10.339845061252728, 50.346828741006838 ], [ 10.339184194952722, 50.346827818074665 ], [ 10.337848527686031, 50.346789950896571 ], [ 10.337618024475676, 50.348391183310518 ], [ 10.333724089128774, 50.348079699486256 ], [ 10.329071616355948, 50.347569012262063 ], [ 10.326623081080978, 50.348078202770417 ], [ 10.321625739680691, 50.345830170625192 ], [ 10.322810698388805, 50.34480628696793 ], [ 10.321717331008752, 50.343922838532869 ], [ 10.322042550786, 50.343437476447832 ], [ 10.322198059941467, 50.343212779197515 ], [ 10.321387300753146, 50.341969863878951 ], [ 10.317976443433404, 50.340515910747555 ], [ 10.316975765122661, 50.341153144566164 ], [ 10.316162050477054, 50.340710967319964 ], [ 10.31487137083977, 50.34000708807411 ], [ 10.314253986592769, 50.339700176078665 ], [ 10.313314008344101, 50.339203789053265 ], [ 10.312416189828342, 50.33871646032226 ], [ 10.311672743200893, 50.338301358197334 ], [ 10.310579157530178, 50.337561764108798 ], [ 10.309878829138043, 50.336921783260458 ], [ 10.309711370592685, 50.336615590408485 ], [ 10.306644233853479, 50.337222300685077 ], [ 10.304892680746224, 50.335842718493154 ], [ 10.301560027161864, 50.336070945931773 ], [ 10.299585741271446, 50.334223027207052 ], [ 10.300490511849208, 50.33301893435592 ], [ 10.291406775543974, 50.33368661066271 ], [ 10.289656162972779, 50.332225819909127 ], [ 10.28816199426239, 50.333149819356152 ], [ 10.286813673326584, 50.335999540042984 ], [ 10.286129089706442, 50.338157674065066 ], [ 10.280667499865656, 50.34265514083669 ], [ 10.280140919124191, 50.347026935980217 ], [ 10.276340419346623, 50.350825561066735 ], [ 10.277351785812595, 50.351061461007561 ], [ 10.276373658808756, 50.355666303500655 ], [ 10.276212753473391, 50.356970633795605 ], [ 10.277253699665055, 50.356927668136684 ], [ 10.27645983329565, 50.358248766274173 ], [ 10.27857990767181, 50.359026659061193 ], [ 10.275151892530172, 50.361179415513107 ], [ 10.275768403614729, 50.361675485178672 ], [ 10.274764462622864, 50.362780220565107 ], [ 10.277832569542568, 50.365386483182434 ], [ 10.281086367214622, 50.36443898537501 ], [ 10.280737956530004, 50.366759689173051 ], [ 10.288498760085998, 50.367691979698165 ], [ 10.288339769060482, 50.368636429591504 ], [ 10.293476883827413, 50.368078927626641 ], [ 10.300763441592078, 50.368163766649971 ], [ 10.308981466966443, 50.370975951493179 ], [ 10.311859827240273, 50.372384314145734 ], [ 10.316070666659858, 50.371284430074404 ], [ 10.321126892627017, 50.369789819093839 ], [ 10.323550339752716, 50.368785840174077 ], [ 10.324608961195937, 50.367833720835868 ], [ 10.325832710954643, 50.367862574051152 ], [ 10.325972950546916, 50.367979754424788 ], [ 10.32658995390825, 50.368511541286267 ], [ 10.328672788624333, 50.368280728543326 ], [ 10.328389141980091, 50.368910133000831 ], [ 10.330780110516731, 50.36905763755842 ], [ 10.33035321402571, 50.370406638983837 ], [ 10.337226868356574, 50.37203613245493 ], [ 10.33720893798351, 50.373151801713647 ], [ 10.337588019846891, 50.373377276270894 ], [ 10.339286974797663, 50.374369392613772 ], [ 10.338032522419125, 50.375033450091159 ], [ 10.338310228504396, 50.376104548020187 ], [ 10.341902215829789, 50.379042740339905 ], [ 10.346079506766774, 50.379561267659035 ], [ 10.348744727366379, 50.37774730210149 ], [ 10.349897795881931, 50.377964754062596 ], [ 10.349402886144135, 50.378728897485466 ], [ 10.350343177006527, 50.379494915584395 ], [ 10.349761331010496, 50.381041733386247 ], [ 10.349519989626261, 50.381707235510014 ], [ 10.350560415693375, 50.381978518372591 ], [ 10.351530553081096, 50.382231705947795 ], [ 10.35268385695522, 50.382413140201699 ], [ 10.354104392558428, 50.382639889940918 ], [ 10.355176029691759, 50.381930438821634 ], [ 10.360265410679423, 50.38344832202246 ], [ 10.361013537529518, 50.382666442884307 ], [ 10.361815174326116, 50.38282036717753 ], [ 10.362237089658898, 50.382901851219032 ], [ 10.362674549439321, 50.382479489912569 ], [ 10.363295454183914, 50.381877395106777 ], [ 10.364139352223061, 50.382013358173026 ], [ 10.365377103123796, 50.382203761947586 ], [ 10.365898726063214, 50.38186246495156 ], [ 10.366674135646788, 50.381341509917362 ], [ 10.368813224662576, 50.38125399468899 ], [ 10.368925644328803, 50.381308108008312 ], [ 10.369559900733492, 50.380930932889591 ], [ 10.369898082301958, 50.380760362608015 ], [ 10.370743562274328, 50.380320437125064 ], [ 10.371053617591276, 50.380140834852376 ], [ 10.371335504435871, 50.37997019757033 ], [ 10.371448268156852, 50.379898343265964 ], [ 10.371504698526387, 50.379844420816269 ], [ 10.371603465596927, 50.379745558631647 ], [ 10.371744615182559, 50.379583760216235 ], [ 10.371801143468444, 50.379493848354826 ], [ 10.371942537395853, 50.379242074873545 ], [ 10.372409726022285, 50.378189883219555 ], [ 10.372933758243283, 50.376921811399669 ], [ 10.37317411237901, 50.376490195629209 ], [ 10.373343677473727, 50.376220456264605 ], [ 10.373456696316252, 50.376049627854357 ], [ 10.373710747963452, 50.375752988883065 ], [ 10.374035097273179, 50.375474420888111 ], [ 10.374401529959066, 50.37524088633355 ], [ 10.374528467298585, 50.375124056751062 ], [ 10.374768103680397, 50.374953364755768 ], [ 10.375514614461311, 50.374639262242418 ], [ 10.376979846639765, 50.373867052066906 ], [ 10.377247745817055, 50.373642400267393 ], [ 10.377727307838208, 50.373175039829448 ], [ 10.375722761299167, 50.370410649739618 ], [ 10.379115834671206, 50.363900061459461 ] ] ] ] } },
{ "type": "Feature", "properties": { "id": null, "Name": null }, "geometry": { "type": "MultiPolygon", "coordinates": [ [ [ [ 10.337618024475676, 50.348391183310518 ], [ 10.337848527686031, 50.346789950896571 ], [ 10.339184194952722, 50.346827818074665 ], [ 10.339845061252728, 50.346828741006838 ], [ 10.339763483445148, 50.34600985290848 ], [ 10.341254011283704, 50.345984929290474 ], [ 10.342392989724017, 50.345968501949415 ], [ 10.343757835169463, 50.345682445400925 ], [ 10.344728908601727, 50.345413836230001 ], [ 10.350441696142035, 50.344098779910034 ], [ 10.35533380170345, 50.344374968394085 ], [ 10.3571488019209, 50.343972351402343 ], [ 10.35889174467621, 50.344145457715712 ], [ 10.361646718650778, 50.344427730709718 ], [ 10.365234739914222, 50.343505251403968 ], [ 10.367526973719649, 50.343345961958995 ], [ 10.371008288602036, 50.340245783419626 ], [ 10.371626473247986, 50.335243863811215 ], [ 10.369276206478569, 50.331138353682732 ], [ 10.365647268750566, 50.33197993131116 ], [ 10.363969273292005, 50.328936801987219 ], [ 10.360818657011796, 50.329661825193952 ], [ 10.35985400114393, 50.327915137105691 ], [ 10.357230430932484, 50.326337344248088 ], [ 10.355995860966136, 50.325598008371927 ], [ 10.354903926398952, 50.324193024537941 ], [ 10.352207522580873, 50.323550763907946 ], [ 10.351540466888563, 50.32346990059159 ], [ 10.350706685676128, 50.323735446186035 ], [ 10.350141658837153, 50.32367757654945 ], [ 10.349516954218902, 50.323676759843806 ], [ 10.349160408391072, 50.323542978800901 ], [ 10.348922915389501, 50.323390309233162 ], [ 10.348804964796079, 50.323066393500461 ], [ 10.34898430445938, 50.322800002785073 ], [ 10.349104269973994, 50.322495444140685 ], [ 10.348956146766795, 50.322304802492326 ], [ 10.347803084539487, 50.320908745165426 ], [ 10.340455015534038, 50.320376917711421 ], [ 10.340249806187158, 50.318730090424928 ], [ 10.339256067361994, 50.3175590294043 ], [ 10.339866372884536, 50.315778378461516 ], [ 10.334742494793336, 50.314349514485855 ], [ 10.335545805151325, 50.313666858662039 ], [ 10.33136023264573, 50.313201915347946 ], [ 10.332011357614814, 50.311862243662347 ], [ 10.318641661172684, 50.306533383795646 ], [ 10.317507115019982, 50.305649831782993 ], [ 10.317762428800139, 50.305020412530773 ], [ 10.317932923651153, 50.304525821104292 ], [ 10.317120322018182, 50.303957687724441 ], [ 10.316153703331459, 50.303263337191666 ], [ 10.316352725980963, 50.302660823744169 ], [ 10.31159729909006, 50.300961590153562 ], [ 10.309656995568542, 50.30139926635686 ], [ 10.308322675774731, 50.301352058823227 ], [ 10.307423754127804, 50.301323561681869 ], [ 10.304147238062191, 50.302154785365516 ], [ 10.302612767334887, 50.302934939077936 ], [ 10.30075331308727, 50.304146389037996 ], [ 10.299235109951438, 50.304377678833859 ], [ 10.296330619482639, 50.30356278854881 ], [ 10.295178563368449, 50.303587730981135 ], [ 10.292750114423212, 50.303160490686217 ], [ 10.292020915974492, 50.306047368907649 ], [ 10.29501803173221, 50.308194164108919 ], [ 10.29193144646711, 50.313578117216842 ], [ 10.289351819144413, 50.315426900773979 ], [ 10.290837806897503, 50.31621240030745 ], [ 10.290127235914531, 50.318001607985885 ], [ 10.291837125158938, 50.319021438861867 ], [ 10.286103935081854, 50.318947921216527 ], [ 10.285508888342708, 50.320008518045867 ], [ 10.286364811230269, 50.320298034121137 ], [ 10.286361993215207, 50.320918857073529 ], [ 10.286071729580613, 50.322942757776424 ], [ 10.285728131170947, 50.324327734576322 ], [ 10.284458225074609, 50.325423056016199 ], [ 10.286344890190504, 50.327783930873956 ], [ 10.285707446563213, 50.328871443476878 ], [ 10.286558023576514, 50.330375613234459 ], [ 10.289656162972779, 50.332225819909127 ], [ 10.291406775543974, 50.33368661066271 ], [ 10.300490511849208, 50.33301893435592 ], [ 10.299585741271446, 50.334223027207052 ], [ 10.301560027161864, 50.336070945931773 ], [ 10.304892680746224, 50.335842718493154 ], [ 10.306644233853479, 50.337222300685077 ], [ 10.309711370592685, 50.336615590408485 ], [ 10.309878829138043, 50.336921783260458 ], [ 10.310579157530178, 50.337561764108798 ], [ 10.311672743200893, 50.338301358197334 ], [ 10.312416189828342, 50.33871646032226 ], [ 10.313314008344101, 50.339203789053265 ], [ 10.314253986592769, 50.339700176078665 ], [ 10.31487137083977, 50.34000708807411 ], [ 10.316162050477054, 50.340710967319964 ], [ 10.316975765122661, 50.341153144566164 ], [ 10.317976443433404, 50.340515910747555 ], [ 10.321387300753146, 50.341969863878951 ], [ 10.322198059941467, 50.343212779197515 ], [ 10.322042550786, 50.343437476447832 ], [ 10.321717331008752, 50.343922838532869 ], [ 10.322810698388805, 50.34480628696793 ], [ 10.321625739680691, 50.345830170625192 ], [ 10.326623081080978, 50.348078202770417 ], [ 10.329071616355948, 50.347569012262063 ], [ 10.333724089128774, 50.348079699486256 ], [ 10.337618024475676, 50.348391183310518 ] ] ] ] } }
]
}
